comment_id,video_id,user_id_hash,text_original,like_count,published_at,updated_at,extracted_at,text_cleaned,infra_sentiment,ekonomi_sentiment,kualitas_sentiment,purnajual_sentiment,label_source,human_infra,human_ekonomi,human_kualitas,human_purnajual,has_human_audit
UgwDEh0keoCoZinmuG94AaABAg,SQJwC-QLsRk,94cc572efe3862cb6a04728cec4cf51ced174dba1ba1a289f8771e54411007ac,"Mohon info, ex2 kan bawahnya ga ketutup. Itu dampaknya apa ya? Perlu beli penutup kah? Trimakasih",0,2026-04-26T14:00:54Z,2026-04-26T14:00:54Z,2026-09-19T00:23:15.652276+00:00,"mohon info, ex2 kan bawahnya tidak ketutup. itu dampaknya apa ya? perlu beli penutup kah? trimakasih",,,,,Human-Audit-GoldStandard,,,netral,,True
UgzH0hwwpMdX_-mwDKV4AaABAg,G_acqAJrRso,d34b7ba827d94747801dc016911262b21ca8edc013d985aea57a4e6614a601d1,tungguh2 aja harga semakin bersaing dan semakin banyak jenis mobil listrik yg akan berdatangan mana yg murah itu yg laku yg mahal akan mati jadi proyek gagal,0,2025-11-15T11:40:45Z,2025-11-15T11:40:45Z,2026-09-18T04:38:31.419348+00:00,tungguh2 aja harga semakin bersaing dan semakin banyak jenis mobil listrik yg akan berdatangan mana yg murah itu yg laku yg mahal akan mati jadi proyek gagal,,,,,Human-Audit-GoldStandard,,netral,,,True
UgyWJjpUikJCN5dYBcd4AaABAg,Bx-XDBdN7nA,4be7c0fef1ba90855250fc22ce2630a378b14ba087ce0a6c58dffdeef1cae69c,"Solar panel di kap mesin, dan atap , sspertinya akan mengurangi konsumsi listrik untuk lampu led nya. Lumayan",0,2025-11-16T19:17:59Z,2025-11-16T19:20:03Z,2026-09-19T00:23:01.508913+00:00,"solar panel di kap mesin, dan atap , sspertinya akan mengurangi konsumsi listrik untuk lampu led nya. lumayan",,,,,Human-Audit-GoldStandard,,,netral,,True
UgxEw6-eNopqT6siDHp4AaABAg,G_acqAJrRso,2eb85a1b4bb9cefbba979c66d04873cf01b57f1241ca3587f89183b7267c2c37,Mobil yang revolusioner. Akankah mengobrak abrik pangsa pasar ev yg sudah existing. Wuling byd yg selama ini jual kemahalan bakalan banting hargakah?,1,2025-11-16T11:34:40Z,2025-11-16T11:34:40Z,2026-09-18T04:38:30.738340+00:00,mobil yang revolusioner. akankah mengobrak abrik pangsa pasar ev yg sudah existing. wuling byd yg selama ini jual kemahalan bakalan banting hargakah?,,,,,Human-Audit-GoldStandard,,negatif,,,True
UgxYPrlF32qH5lG4YTB4AaABAg,wWoTrVO2Hk4,8b5c035cefe6979de1360db284f361d8c87df601933caf6745fb48bbe86cfb0f,klo logonya Toyota pasti sudah 1 M lebih harganyaaa😂,18,2026-04-22T17:15:06Z,2026-04-22T17:15:06Z,2026-09-19T00:23:05.982688+00:00,kalau logonya toyota pasti sudah 1 m lebih harganyaa😂,,,,,Human-Audit-GoldStandard,,netral,,,True
UgymnXq4r51j_JFXzx54AaABAg,Bx-XDBdN7nA,8ce184480fc8cc4cad6426c5bae7ec059b628d3f4e219a2e050cb701589c2306,Mobil ini belom ada kursi pijatnya....nahhh itu sangat penting....lihat Geely EX5 ya.....,0,2025-11-16T09:57:52Z,2025-11-16T09:57:52Z,2026-09-19T00:23:02.435533+00:00,mobil ini belom ada kursi pijatnya..nahh itu sangat penting..lihat geely ex5 ya..,,,,,Human-Audit-GoldStandard,,,netral,,True
UgwKxBFbXU452x_6Chh4AaABAg,Bx-XDBdN7nA,9e2878f7ae7d227a252cfa1f9f6a61ef492ab363f70e2f2333ce832d904214bd,Gelo Ganteng bangettttt..........,0,2025-11-16T11:43:48Z,2025-11-16T11:43:48Z,2026-09-19T00:23:02.435533+00:00,gelo ganteng bangett..,,,,,Human-Audit-GoldStandard,,,positif,,True
UgxF_JL6XQmbns1UaFx4AaABAg,A9niV2791gs,7d0f607dc972e3265c8f5ca371c1755cf23452a2318e1e1daa6ad596b7647d5d,Dah 2 bulan pakai. Kekurangany cuma tidak 3 baris buat aku. Padahal tambah 10 cm bisa 3 baris dah pasti jadi mobil paling laku.,1,2026-01-24T01:58:29Z,2026-01-24T01:58:29Z,2026-09-19T00:23:04.831717+00:00,dah 2 bulan pakai. kekurangany cuma tidak 3 baris buat aku. padahal tambah 10 cm bisa 3 baris dah pasti jadi mobil paling laku.,,,,,Human-Audit-GoldStandard,,,negatif,,True
UgwnXgN_sANnsnLfzn94AaABAg,fjWvVFT0vr0,99ee4987a5893951f63a958128f4e62bc0ebc3b5888a902295bf37f35e24c059,LCGC KILLER,0,2025-07-26T11:58:43Z,2025-07-26T11:58:43Z,2026-09-19T00:23:08.935049+00:00,lcgc killer,,,,,Human-Audit-GoldStandard,,positif,,,True
UgzrWtgOTvyZBTbZRmt4AaABAg,j_6L3j7vrOc,bc27f8c974a47c91900642a252ef76ae5427b41f00b2ea86f7baf48f9304f142,Harga di luar Jakarta selisihnya bikin sedih kak.. brand lain di bali hny 8-9jt ini selisih 20juta,3,2025-11-16T11:22:25Z,2025-11-16T11:22:25Z,2026-09-19T00:23:05.069705+00:00,harga di luar jakarta selisihnya bikin sedih kak.. brand lain di bali hny 8-9jt ini selisih 20juta,,,,,Human-Audit-GoldStandard,,negatif,,,True
UgyVZfCMNbk3UQS_cH14AaABAg,SQJwC-QLsRk,f55fed5f4a35309564468254c87d7c887e346fae0a75b3c48b65debcbfa3314d,Head unit J5 posisi nya memang agak baring gitu ya ?,0,2026-04-26T10:37:10Z,2026-04-26T10:37:10Z,2026-09-19T00:23:15.652276+00:00,head unit j5 posisi nya memang agak baring gitu ya ?,,,,,Human-Audit-GoldStandard,,,netral,,True
UgxbB_jf6s1Rza6P_hl4AaABAg,Bx-XDBdN7nA,fbda80c8c72932d29d6dc81e6c92e639bbe9e3dc59beb610ad56ff31521d2366,dealer kalsel donk,0,2025-11-16T11:15:59Z,2025-11-16T11:15:59Z,2026-09-19T00:23:01.508913+00:00,dealer kalsel donk,,,,,Human-Audit-GoldStandard,,,,netral,True
UgxwrAwVix2v6E85Gj14AaABAg,dEJ4VEjH1AQ,18d29e5a87d5935d3424c7e5cbd651ccf04f847e5d84902f75915bbbcfe9db9f,"Saya jd ngilerrr...
Udah lirak lirik yaris lele saya, tergoda utk pindah ke lain hati 😅
Tapi paling gemeteran klo liat atto 1, sumpah ni mobil klo saya hitung worthes juga utk 10thn kedepan, perbandingan saya hitung dengan brio",0,2025-11-24T14:06:47Z,2025-11-24T14:06:47Z,2026-09-19T00:23:14.870779+00:00,"saya jd ngilerr.. udah lirak lirik yaris lele saya, tergoda untuk pindah ke lain hati 😅 tapi paling gemeteran kalau liat atto 1, sumpah ni mobil kalau saya hitung worthes juga untuk 10thn kedepan, perbandingan saya hitung dengan brio",,,,,Human-Audit-GoldStandard,,positif,,,True
Ugyk-DJVeXcMm9YMG6d4AaABAg,j_6L3j7vrOc,e54bca66ed071943d9224c49fd4ec8b224d3c9f77c659ad5fc3be2578ad949a1,"Semoga dengan harga segini, bisa memenuhi permintaan yang membludak",1,2025-11-18T04:14:05Z,2025-11-18T04:14:05Z,2026-09-19T00:23:05.069705+00:00,"semoga dengan harga segini, bisa memenuhi permintaan yang membludak",,,,,Human-Audit-GoldStandard,,netral,,,True
UgwQVwUNmXKIBnwe7ip4AaABAg,G_acqAJrRso,fd3077ed4727f77cc78edb348bbe0d94806016c06ddf117cfd6803dc284ca4a2,kirain 7 seater tadi,0,2025-11-25T05:45:01Z,2025-11-25T05:45:01Z,2026-09-18T04:38:32.144167+00:00,kirain 7 seater tadi,,,,,Human-Audit-GoldStandard,,,netral,,True
UgwYnCU7OlWvc7iRHrh4AaABAg,z1fWo8tYynA,18a7c6b71eeed0798cc31e5d270140095d711e74aa29707d01a5caf2823e72dd,Dari dulu ga suka mobil modern. Saya dr mulai 2014 SMA baru punya sim a sering pake honda cielo 98 punya bapak. Udah kerja bisa nabung beli greco. Dipake 2 tahun ganti ke jazz gd3 2007. Baru setahun dipake dapet rejeki akhirnya kebeli mobil civic fd 2011 dipake sampe skrg. Secandu itu motuba buat saya. Misal Dikasih 200jt disuruh buat beli lcgc. Saya mending ambil mobil 120 jt yg saya suka trus 80jt nya buat ngeberesin PR + Modif nya. Akhir2 ini kepikiran pengen beli mobil listrik krn pertamina mulai ngelawak tp bener2 ga ada yg suka sama molis yg masuk budget. Dan baru kali ini saya kesengsem sama molis. Bismillah semoga bisa segera kekumpul duitnya.,38,2025-09-18T05:04:37Z,2025-09-18T05:04:37Z,2026-09-19T00:23:10.960426+00:00,dari dulu tidak suka mobil modern. saya dari mulai 2014 sma baru punya sim a sering pakai honda cielo 98 punya bapak. udah kerja bisa nabung beli greco. dipake 2 tahun ganti ke jazz gd3 2007. baru setahun dipake dapet rejeki akhirnya kebeli mobil civic fd 2011 dipake sampe skrg. secandu itu motuba buat saya. misal dikasih 200jt disuruh buat beli lcgc. saya lebih baik ambil mobil 120 jt yg saya suka trus 80jt nya buat ngeberesin pr + modif nya. akhir2 ini kepikiran pengen beli mobil listrik karena pertamina mulai ngelawak tapi bener2 tidak ada yg suka sama molis yg masuk budget. dan baru kali ini saya kesengsem sama molis. bismillah semoga bisa segera kekumpul duitnya.,,,,,Human-Audit-GoldStandard,positif,positif,,,True
UgzE2jQMt0gzhw0GONt4AaABAg,A9niV2791gs,3a9dd857b4fa3484c352a983af2e3abf3ff1c3b00e98e7d50dd5d4b9b6b2238b,Emang ga ada fitur auto break hold??,0,2026-04-11T10:49:55Z,2026-04-11T10:49:55Z,2026-09-19T00:23:04.831083+00:00,emang tidak ada fitur auto break hold??,,,,,Human-Audit-GoldStandard,,,netral,,True
UgzEHU0rxAi0pWbRLaN4AaABAg,fjWvVFT0vr0,7e288763de18f89212d27d595999f87762a59f6aa20ca168e9a8dcdf11980459,Depannya malah mirip Lamborghini huracan,0,2026-02-18T18:19:17Z,2026-02-18T18:19:17Z,2026-09-19T00:23:09.885658+00:00,depannya malah mirip lamborghini huracan,,,,,Human-Audit-GoldStandard,,,netral,,True
UgzYr5dnRcejztPPztB4AaABAg,bC7X9DplrIc,093d1701e0c9727114ab915727f085fe9a71a0dc0c8de063066c5a15791de1e2,Ndak ada soket lighter 12 volt...,2,2026-03-05T09:05:04Z,2026-03-05T09:05:04Z,2026-09-19T00:23:14.522723+00:00,ndak ada soket lighter 12 volt..,,,,,Human-Audit-GoldStandard,,,negatif,,True
UgwDUB8u4l-joXcpQOB4AaABAg,G_acqAJrRso,dd3dbf8272d4fc4a373697be768ab84ae4b14f6fb7629d8070ded49540a749e2,"Dari antusiasnya pembeli mobil ev ini sepertinya harga 300jt adalah titik tengah daya beli masyarakat mobil ev/hybrid di indonesia, dan terbukti dimasuki juga oleh veloz hybrid di harga ini",1,2025-11-26T13:42:26Z,2025-11-26T13:42:26Z,2026-09-18T04:38:32.144167+00:00,"dari antusiasnya pembeli mobil ev ini sepertinya harga 300jt adalah titik tengah daya beli masyarakat mobil ev/hybrid di indonesia, dan terbukti dimasuki juga oleh veloz hybrid di harga ini",,,,,Human-Audit-GoldStandard,,netral,,,True
UgyQd_WMbSFBiSjsZqJ4AaABAg,G_acqAJrRso,62c4c10f793f3c8c0c10f78ac8a24c98be8e5a33d23321edef5fc1a876924391,"edan deflasi china memang nyata. meski negara kaya berpenduduk 1,4 miliar jiwa banyak pengangguran tapi ancaman pemutusan kerja membuat kepanikan banting harga yang mengerikan daripada tidak bisa makan dan mati menjadi petilasan artefak terkubur oleh produknya sendiri. kalau pakde xijinping dan pemerintah gak turun tangan gak selesai-selesai nih ini deflasi china....tapi kenapa gak krisis makanan ya china selama diterpa deflasi. 1.4miliar bisa makan semua bahkan banyak yang gendut.. kalau sudan susah makan ya mungkin solusinya ya bener perang kombatan daripada mati sekalian refisi populasi alamiah manusia di bumi",1,2025-11-14T18:11:16Z,2025-11-14T18:11:16Z,2026-09-18T04:38:32.144167+00:00,"edan deflasi china memang nyata. meski negara kaya berpenduduk 1,4 miliar jiwa banyak pengangguran tapi ancaman pemutusan kerja membuat kepanikan banting harga yang mengerikan daripada tidak bisa makan dan mati menjadi petilasan artefak terkubur oleh produknya sendiri. kalau pakde xijinping dan pemerintah tidak turun tangan tidak selesai-selesai nih ini deflasi china..tapi kenapa tidak krisis makanan ya china selama diterpa deflasi. 1.4miliar bisa makan semua bahkan banyak yang gendut.. kalau sudan susah makan ya mungkin solusinya ya bener perang kombatan daripada mati sekalian refisi populasi alamiah manusia di bumi",,,,,Human-Audit-GoldStandard,,negatif,,,True
Ugxl1xiH_TiGxlSO_UF4AaABAg,z1fWo8tYynA,b9c79a673640c764017c6421985e0b9fb8c9cd0712454091df1e752657ca6450,"Klaimnya 300km, realnya 215km 😮",0,2025-09-18T01:49:49Z,2025-09-18T01:49:49Z,2026-09-19T00:23:12.527826+00:00,"klaimnya 300km, realnya 215km 😮",,,,,Human-Audit-GoldStandard,negatif,,,,True
UgzGSZqC0F5gU-VTleV4AaABAg,z1fWo8tYynA,0480b912beadb1a000a3ebeefc98e881a917c383c08d8f75057265bd51ddddd4,Engineer BYD emang inovatif.. Suka kunci nfc nya,1,2025-09-18T10:20:15Z,2025-09-18T10:20:15Z,2026-09-19T00:23:10.960426+00:00,engineer byd emang inovatif.. suka kunci nfc nya,,,,,Human-Audit-GoldStandard,,,positif,,True
UgxIJl4jsSQhIQtVFdJ4AaABAg,j_6L3j7vrOc,4d52f1b82705eea1a689f19deeb9b95d7ab46adf98aa9ca095963f5fc2b4bee4,"tuas sein kiri kanan di sisi kiri setir. utk pengendara yg biasa bawa mobil jepang, terbiasa tuas sein di kanan, malah jd mengaktifkan transmisi P/R/D.... bahaya",0,2025-11-20T02:44:02Z,2025-11-20T02:44:02Z,2026-09-19T00:23:05.069705+00:00,"tuas sein kiri kanan di sisi kiri setir. untuk pengendara yg biasa bawa mobil jepang, terbiasa tuas sein di kanan, malah jd mengaktifkan transmisi p/r/d.. bahaya",,,,,Human-Audit-GoldStandard,,,negatif,,True
UgygHXxJwIOkXWtJZfR4AaABAg,z1fWo8tYynA,d5d476bb9fa40e3af9c2596ec1af1e9370a6b5958ad060631818e7f785f6ab8d,"BYD jual harga segitu, termasuk strategi marketing..dengan fitur lengkap harga segitu, bakal banyak logo BYD berseliweran di jalan ...",31,2025-09-18T09:52:21Z,2025-09-18T09:52:21Z,2026-09-19T00:23:10.960426+00:00,"byd jual harga segitu, termasuk strategi marketing..dengan fitur lengkap harga segitu, bakal banyak logo byd berseliweran di jalan ..",,,,,Human-Audit-GoldStandard,,netral,positif,,True
UgxgRmGkcf6vThWlYDp4AaABAg,G_acqAJrRso,d7ac6bf03d2479b2b504d661ba3e70a9f99fd0aaf218a05b3f288bd9d97ae537,MOBIL LISTRIK DAN MOBIL MURAH TERBAGUS YANG OERNAH ADA DI INDO,0,2025-11-20T14:50:20Z,2025-11-20T14:50:20Z,2026-09-18T04:38:31.419348+00:00,mobil listrik dan mobil murah terbagus yang oernah ada di indo,,,,,Human-Audit-GoldStandard,,positif,,,True
UgyOtygEZyNiJEkelQ94AaABAg,ccgG2mpCIHM,5235f4854dbcfc13079c4b81b0353e2c6aea8f90b7db12b54d6e86f537890fe9,"Dari bodi aja keliatan beda 😅 EX5 sama Atto1 masih comparable, kalau J5 udah naik kelas duluan.",2,2026-05-12T12:47:00Z,2026-05-12T12:47:00Z,2026-09-19T00:28:54.749870+00:00,"dari bodi aja keliatan beda 😅 ex5 sama atto1 masih comparable, kalau j5 udah naik kelas duluan.",,,,,Human-Audit-GoldStandard,,,positif,,True
UgzHRM3HL2HQQNielGt4AaABAg,fjWvVFT0vr0,a37f6beb861586eec9bdab014e4a774228934e90f7ae9da9bb005b5fefc3d659,"design tajam tajam merupakan favorite warna indo, termasuk aku pribadi hehehe. btw di akhir video omnya ngomong apaan dah hahaha",0,2025-07-30T06:52:02Z,2025-07-30T07:09:08Z,2026-09-19T00:23:07.332434+00:00,"design tajam tajam merupakan favorite warna indo, termasuk aku pribadi hehehe. btw di akhir video omnya ngomong apaan dah hahaha",,,,,Human-Audit-GoldStandard,,,positif,,True
UgwduHiO4ATLUy2c3WN4AaABAg,bC7X9DplrIc,710a68afb0f1d00e039f084385cb3a2ee1f1ec051eb4bd78e58b81d1903fe980,"kemaren nanya bang ke sales geely, tutupnya tambahan asesoris alias harus beli sendiri",1,2026-03-26T10:42:58Z,2026-03-26T10:42:58Z,2026-09-19T00:23:14.522723+00:00,"kemaren nanya bang ke sales geely, tutupnya tambahan asesoris alias harus beli sendiri",,,,,Human-Audit-GoldStandard,,,,netral,True
UgydwflQWJwr6r3HwFx4AaABAg,SQJwC-QLsRk,b8970091ce7ea5fdc9cad12aacb41d1428a0bc9c2741205c128712ca8c345c02,Sekalian buat perbandingan Pajak Mobilnya dong.. apakah 3 mobil tersebut biaya Pajak per tahun sama?,0,2026-04-25T09:30:52Z,2026-04-25T09:30:52Z,2026-09-19T00:23:15.653310+00:00,sekalian buat perbandingan pajak mobilnya dong.. apakah 3 mobil tersebut biaya pajak per tahun sama?,,,,,Human-Audit-GoldStandard,,netral,,,True
