"comment_id","video_id","user_id_hash","text_original","like_count","published_at","updated_at","extracted_at"
"Ugyc2M7NWY_akL6jw7V4AaABAg","G_acqAJrRso","1ffdd7b71d8b758ba2fda70c8489c5f6f1ac50efa1cd48b3043031f7decb71d5","Gila sih, saya terbiasa beli mobkas, gak pernah sepengen ini beli mobil baru, sangat2222 worth it 🤲🏻🤲🏻🤲🏻🤲🏻","224","2025-11-14T14:55:09Z","2025-11-14T14:55:09Z","2026-09-18T04:38:30.738340+00:00"
"UgwulS5ZnSQo1XgY57h4AaABAg","G_acqAJrRso","fbd5eb834774d29e7c90dd3fbffc19356f237826108373895404730ce479c727","Harga segitu gacor banget sih! Brio, Agya, HRV auto bye bye 😂😂","70","2025-11-14T14:46:48Z","2026-04-11T11:39:35Z","2026-09-18T04:38:30.738340+00:00"
"UgwTWO6yKN3FXmSVzsN4AaABAg","G_acqAJrRso","ac60c02d0d2d6cc6ba16e903ed3fccb2855d42a75966540879e80b1d91c443c1","carmudi ini jagatreview nya otomotif, detail bgt👍","62","2025-11-14T15:05:42Z","2025-11-14T15:05:42Z","2026-09-18T04:38:30.738340+00:00"
"UgzX2HRd5KnvTEoRjX94AaABAg","G_acqAJrRso","67add4b7de128ae7a86f45c35c3bae27aff54efd83ca112cdd5de7fc12f57bd0","EV paling ganteng di range 200-300 jutaan, menurut keyakinan saya 😆","5","2026-04-11T03:16:54Z","2026-04-11T03:16:54Z","2026-09-18T04:38:30.738340+00:00"
"UgxZ5xKKR_upNBtwW2d4AaABAg","G_acqAJrRso","f8ce334270012b1fc72c0c5552383d782b7339667a7fc31331b14a49f3136dd6","I can tell carmudi put a lot of research and amount of time making this video. Great job being so thorough.","9","2025-11-15T10:18:53Z","2025-11-15T10:18:53Z","2026-09-18T04:38:30.738340+00:00"
"UgxCXXbM0whTDFzO4MR4AaABAg","G_acqAJrRso","0aee3f495343b9d21407e72037b8f41ae6e1e13fa84c1678abab744c0c1411d5","JAECOO = Jaguar - Chery Cooperation","14","2025-11-26T19:22:00Z","2025-11-26T19:22:00Z","2026-09-18T04:38:30.738340+00:00"
"UgxFnjqS6iiQ5E6H8tJ4AaABAg","G_acqAJrRso","a10a09b1efb8328ab5e16510c35e86827305ea1df15e6278709b4b737789e277","Paling suka review-nya Carmudi, sblm di bahas satu per satu dia terlebihdahulu ngasih tau ini merek dari mana,subrand apa dan asalnya😍😍😍 apa lagi kan ini merek mobil terbilang baru untuk pasar indonesia","51","2025-11-14T14:03:59Z","2025-11-14T14:03:59Z","2026-09-18T04:38:30.738340+00:00"
"UgxK7ZJO8_14l6xczst4AaABAg","G_acqAJrRso","f474235f70c3e171e996fe0b97289ea6277b0889adba14bb9238872c224cf894","Waah.. gw kalau punya mobil ini blm tentu inget bahwa ada fitur ini itu nya... BUANYAAAKKK BANGED FITURNYA !!!","13","2025-11-16T03:02:11Z","2025-11-16T03:02:11Z","2026-09-18T04:38:30.738340+00:00"
"UgybmEtF66o1MrF8nt54AaABAg","G_acqAJrRso","c85e139616a6b0c6a27da7e809af333e0b291fe6d357ad85f011fbae1e3d1e5c","semoga harganya tetap sama diteruskan meskipun sudah ada 1000 pembeli, dan tahun depan harganya juga masih sama, jadi saya bisa beli mobil ini, aamiin,,","8","2025-12-04T00:57:31Z","2025-12-04T00:57:31Z","2026-09-18T04:38:30.738340+00:00"
"Ugw9m31evxdIJHEn6el4AaABAg","G_acqAJrRso","c668e0cf68d5a2086057cbd149544ec467be45b0ff6614c6e9b3c68c3a167652","fix.., kualitas & fitur bintang lima harga kaki lima, gila nih mobil","9","2025-11-16T03:52:01Z","2025-11-16T03:52:31Z","2026-09-18T04:38:30.738340+00:00"
"UgwWAm7raVUrGgWv5Il4AaABAg","G_acqAJrRso","d07b100378f35c9eebfac5ecb17a1478946864b7ce92e782e40df7e7715f1e93","carmudi selalu jd channel review mobil favorit. selalu kasi opini objektif dan masuk akal dan ga fanatik merk Jepang seperti channel lain terutama molad**","5","2025-11-20T12:01:50Z","2025-11-20T12:01:50Z","2026-09-18T04:38:30.738340+00:00"
"UgyEpr5ea8wQFBtZbh14AaABAg","G_acqAJrRso","515b4fe27c1e0b2649b60b164a892208cc16511f624fdfeaea51d1f1c200e322","Ga mau lihat review jaecoo sebelum keluar review nya carmudi","44","2025-11-14T12:35:36Z","2025-11-14T12:35:36Z","2026-09-18T04:38:30.738340+00:00"
"UgwwCTHNUkIf1R-W5a54AaABAg","G_acqAJrRso","b2cca57b9971346607076b3c8a50724f2ed10427846f6fd95c20a65b9b3e0b02","Carmudi waarbiyasah.. Bahas detail, padet banget info-nya, klo nonton kadang kudu atur speed lbh lambat biar dapet smua infonya atau stop ulang bbrp kali.. Kereen, Txs Bro.. 👍","5","2025-11-15T03:34:51Z","2025-11-15T03:34:51Z","2026-09-18T04:38:30.738340+00:00"
"Ugy6No54oNchIX5ZNB94AaABAg","G_acqAJrRso","4997dd0d6bc9e28ec6c8e33326399b95cdd35647c9e1aab103d926e62eb3a001","Akhirnya yg ditunggu2 keluar, review Jaecoo J5 dari Carmudi 😍","8","2025-11-14T13:42:45Z","2025-11-14T13:42:45Z","2026-09-18T04:38:30.738340+00:00"
"UgzwHtD1-s1O2i8GjOp4AaABAg","G_acqAJrRso","82cdd76df0ccc6fac7dfea999a388341b18cceae02e0cef31344645fbab5203c","Baru pertama kali test drive mobil listrik di gias makassar, dan itu jaecoo J5, emang nyaman dan tenaganya instan,. Klu ada duit mungkin udah dp mobil ini 🤭","10","2025-11-14T13:11:45Z","2025-11-14T13:11:45Z","2026-09-18T04:38:30.738340+00:00"
"Ugw_VPv8ioiwmEaXVqB4AaABAg","G_acqAJrRso","90f4d69ae294ed81bd9c224b7aafc6a6a497846f69f9c289675b4ed1fc46afb7","best car reviewer 🫡","6","2025-11-14T16:33:40Z","2025-11-14T16:33:40Z","2026-09-18T04:38:30.738340+00:00"
"UgyDz4gdyloyK_OWEuh4AaABAg","G_acqAJrRso","e88e63826f9c1806c9f186326a72c187a4224c45d3105d67e192c1375d2ee08a","Saran dari saya : next mungkin bs ditambahkan suara artificial waktu maju dan mundur untuk EV dan Hybrid cars.","2","2026-01-27T10:47:46Z","2026-02-08T14:33:13Z","2026-09-18T04:38:30.738340+00:00"
"UgwzvCD9XDp10mLVxA54AaABAg","G_acqAJrRso","4954bf4cb4b8ba54dee48c31affa1bbf7b7719276eb0fb15c0f7a1c9a0a7c1ca","Terlengkap Carmudi. Lama bgt dicariin review mobil ini akhirnya keluar juga...","3","2025-11-14T22:45:45Z","2025-11-14T22:45:45Z","2026-09-18T04:38:30.738340+00:00"
"UgySlu2xCx7T9pjo5Rd4AaABAg","G_acqAJrRso","5b6e443560b65e2f6a6030508a93b898d35e3c2518f84413541a1345e0a989d5","Carmudi klw sudah review emang manteeeplah..lengkap detail jelas","3","2025-11-15T12:02:23Z","2025-11-15T12:02:23Z","2026-09-18T04:38:30.738340+00:00"
"Ugzy-zYf26A3enYR0MV4AaABAg","G_acqAJrRso","24689fa524e893220552ba0279fef9bc348d8b29cd7165f86b377f890654eaf5","Sudah ditest range real 470km oleh Moladin🎉","16","2025-11-14T20:23:27Z","2025-11-14T20:23:27Z","2026-09-18T04:38:30.738340+00:00"
"UgxwcOkhZcVlUw3olKR4AaABAg","G_acqAJrRso","fb2b47fdef1a8c445857b04b8e598892c2bc2112138e8c1e940ba520278a74b1","Review J5 yang g tunggu2 dari kemarennn 🎉","2","2025-11-15T00:11:17Z","2025-11-15T00:11:17Z","2026-09-18T04:38:30.738340+00:00"
"UgzTsA2mUqhF75cB0Vh4AaABAg","G_acqAJrRso","0c21ee171f8151b018604911ae3c052791fdfb7e0e3baedf6144d3bedb1e5270","Audio semakin membaik. Bicara dgn nafas tersengal sengal kayak mo sekarat udah minim kedengaran. Congrats 🎉","0","2025-11-19T14:46:24Z","2025-11-19T14:46:39Z","2026-09-18T04:38:30.738340+00:00"
"UgxDqQjgrHVbqJd3iB94AaABAg","G_acqAJrRso","43e27e1af0a7849000579fed76e823e7ce3692e2715cf9a584152ccf0bab7a9c","Akhirnya SPK ini, dengan kandidat Atto 1, E5 dan Geely EX2 yang harganya tak nongol-nongol.

Semoga deliverynya tak selama yang dibilang salesnya.","41","2025-11-14T14:34:22Z","2025-11-14T14:34:22Z","2026-09-18T04:38:30.738340+00:00"
"UgxpuOkSzt86iWmTSQV4AaABAg","G_acqAJrRso","6ec3c304ac404026dc8b882e6ca9cdcc54044b9e34e501e61f2a2a34eabe9921","Menyesal nonton sampe akhirr. Sukses trs om gundul","1","2025-11-15T01:33:21Z","2025-11-15T01:33:21Z","2026-09-18T04:38:30.738340+00:00"
"UgzYcXZFdKTsClc6lTR4AaABAg","G_acqAJrRso","01f976c9e43ab343f1c1c82dbcae12eb008e0184bfe9b79f11906f309918b55b","Minta review wuling darion jug dong. Masih tunggu review dari carmudi😂😂","2","2025-11-14T18:00:13Z","2025-11-14T18:00:13Z","2026-09-18T04:38:30.738340+00:00"
"UgyfqQA_mF4u6pIX1bh4AaABAg","G_acqAJrRso","008837d14bbd749d42e563a6ebbafd812f39572b889486988aebebbe304ccb2b","Mantepp dah klo carmudi review mobil 🥳🥰","2","2025-11-15T00:38:16Z","2025-11-15T00:38:16Z","2026-09-18T04:38:30.738340+00:00"
"UgytEDkSJhJipaHESQZ4AaABAg","G_acqAJrRso","c4040042a393f61c6e35103797ecf4927fba66229c3de5b0c2e716da00b6f109","reviewnya selalu detil rinci dan enak diikuti buat yg ingin tahu fitur lengkap mobilnya...bravo carmudi","0","2025-11-24T03:41:46Z","2025-11-24T03:41:46Z","2026-09-18T04:38:30.738340+00:00"
"UgwvoFokHLQmd8AOQ654AaABAg","G_acqAJrRso","8066b4cc883c074e3ff92475a7db5f7860f4c4900aeea8b9adc6e11ea35cfa54","""Nice yah""!!! 👍👍 Suka banget dgn cara jelasin nya. Singkat, padat dan berbobot👍👍","0","2025-12-06T15:42:15Z","2025-12-06T15:42:15Z","2026-09-18T04:38:30.738340+00:00"
"UgwOq7zT5aLp7M91Usl4AaABAg","G_acqAJrRso","81f1cfb2fa1b788abf097f864c6e52e92e96d05679bfca8c16cb99ad44b2fc8b","Sayang tapi batrenya ga rata bodi ya tapi dengan harga begini apa yg mau di complain lg❤","2","2025-11-14T21:03:04Z","2025-11-14T21:03:04Z","2026-09-18T04:38:30.738340+00:00"
"UgyibaB-WqDKFKvCqhZ4AaABAg","G_acqAJrRso","2d90f147d4214683114ef3c05c3535f9085b9f315ead88a0f525d8da84f1c08e","Yang ditunggu.... Review jaecoo j5ev dari carmudi","2","2025-11-14T13:37:40Z","2025-11-14T13:37:40Z","2026-09-18T04:38:30.738340+00:00"
"UgxQut9MHAdjwGIOj0V4AaABAg","G_acqAJrRso","093102f689b1309f3b678c117a82062b46e3b364d4ba6a83fc03c170518f1302","Fitur paling tertarik buat gw itu adalah organ style pedal 😀","1","2025-11-14T15:48:49Z","2025-11-14T15:48:49Z","2026-09-18T04:38:30.738340+00:00"
"Ugy7ehMtkF60jrgsHCd4AaABAg","G_acqAJrRso","957109152de5b7ac2c0f062494a13f889b578748cab78db4821b8fa5522cb9e3","Yang ditunggu, dari channel ini","3","2025-11-14T11:59:37Z","2025-11-14T11:59:37Z","2026-09-18T04:38:30.738340+00:00"
"UgwZV9sqEQSrTAc5TaB4AaABAg","G_acqAJrRso","a696d85ff38ff743fab8da634e9e3770c3bf24fcc6d31d2f646089d420d01646","300 juta dapat lengkap begini mocin sekarang memang gila, mopang terasa kemahalan banget","47","2025-11-14T14:06:10Z","2025-11-14T14:06:10Z","2026-09-18T04:38:30.738340+00:00"
"Ugwm7fSIpDuR8fw0JzB4AaABAg","G_acqAJrRso","f834266328e4f66a25252fffe783f7870e52f70f1f14b580c5cff66ebe0098f6","emang kalo ngereview sedetail itu carmudi👍","0","2025-11-17T03:20:47Z","2025-11-17T03:20:47Z","2026-09-18T04:38:30.738340+00:00"
"UgzJAy9uV4Szt24DrdV4AaABAg","G_acqAJrRso","2bfe01b1bb500aa64518f13085c65b862f65383b51691ce87af214f491d18b66","Keren n worth to buy...thanks car mudi udah ngebahas, jadi makin yakin...","0","2025-11-23T23:48:55Z","2025-11-23T23:48:55Z","2026-09-18T04:38:30.738340+00:00"
"Ugwnrf7-UDcZPTpJAJB4AaABAg","G_acqAJrRso","4e601b37ef87e0c831ddfb891eab344d1256797ff5ff6cc150b21dc580d11069","Sepengen ini saya untuk mobil listrik pertama","1","2025-11-15T01:03:38Z","2025-11-15T01:03:38Z","2026-09-18T04:38:30.738340+00:00"
"UgwcoNdpP5ok-uHjvyN4AaABAg","G_acqAJrRso","e01bd10de876d6e01d4e8323692fc08d4cfdac742ce809c35dccd9ce1f2f3232","Selalu puas nonton di Carmudi, semoga bisa dapat yg gasoline 😀","0","2025-11-14T18:24:37Z","2025-11-14T18:24:37Z","2026-09-18T04:38:30.738340+00:00"
"UgyVAuwS0ilsAS-OKsp4AaABAg","G_acqAJrRso","119e8e473f03bbb338a1e6d905f5d7b835976891da76e9d9fa6c34e100c01346","sudah booking hari pertama setelah harga keluar.. sekarang nonton ini untuk penjelasan detail melebihi sales.. wkwk","8","2025-11-15T01:38:21Z","2025-11-15T01:38:21Z","2026-09-18T04:38:30.738340+00:00"
"Ugx6kdPQQP2XlGqEwbN4AaABAg","G_acqAJrRso","578fd2c7b46d0a0d7e6dd8e1191e3cad890cc1920b42aa0850428c2d6ecf0368","Murah blm tentu dibeli
Mahal juga blm tentu dibeli","1","2025-11-15T08:43:11Z","2025-11-15T08:43:11Z","2026-09-18T04:38:30.738340+00:00"
"UgzRbPtb9wSLAa4VUxt4AaABAg","G_acqAJrRso","4aa390c1be03481a819f40a2468cfe9397b28e24dfd32d3771cb688adc313970","Akhirnyaa review yg ditunggu2","0","2025-11-14T15:05:50Z","2025-11-14T15:05:50Z","2026-09-18T04:38:30.738340+00:00"
"UgzIWF2IaUJxQUByfpN4AaABAg","G_acqAJrRso","faac2aa427872708124db6222e25b369800d1aaff44125a308a8aa76fd3b9796","video editornya layak untuk naik gaji ^^","0","2025-11-16T13:37:02Z","2025-11-16T13:37:02Z","2026-09-18T04:38:30.738340+00:00"
"UgwksCtjL0D1hjInQd94AaABAg","G_acqAJrRso","954d922bf40dc829fd9ff5dbc295b41c5414d4b0a59c347e23e83a694675ddb1","Perang pasar otomotif menurutku paling sengit mulai pertengahan 2026 nanti","1","2025-11-15T03:10:04Z","2025-11-15T03:10:04Z","2026-09-18T04:38:30.738340+00:00"
"UgzcQqiv-BU8cvemf-x4AaABAg","G_acqAJrRso","ba007b08961e2f5c83c9c8bd3c17a9d55974ff26c27e1d519076c67fa2dde900","Ganteng parah, ini kalau diibaratkan Toyota Rush x Range Rover. Allahumma sholi ala Muhammad semoga bisa beli 😍","0","2026-02-13T17:13:40Z","2026-02-13T17:13:40Z","2026-09-18T04:38:30.738340+00:00"
"Ugy9JW0d4qyTlAqlGal4AaABAg","G_acqAJrRso","021473e703d9d80eeb233fde08c62819e128c3824aad70739b630986aa88431d","dari sekian mocin ini salah satu mocin yg desainnya keren banget dengan harga yg worth it","0","2026-05-05T08:08:22Z","2026-05-05T08:08:22Z","2026-09-18T04:38:30.738340+00:00"
"UgwF_Hs3z_8N7BtEYT94AaABAg","G_acqAJrRso","6f1318e97dddc6a13170072d9230ad3d55e4aa2fd3dd27cbbea328158b43a70f","Review carmundi emang paling topcer detail n alusss","0","2025-11-15T05:08:19Z","2025-11-15T05:08:19Z","2026-09-18T04:38:30.738340+00:00"
"UgwbxX7RQt-DpMEOpP54AaABAg","G_acqAJrRso","b5dc739fdf21fa19ce4870346ec8e679384b2c77bbd743adbbc44a1794b9ccb9","naikin gaji editor om😊","2","2025-11-14T12:51:36Z","2025-11-14T12:51:36Z","2026-09-18T04:38:30.738340+00:00"
"UgxzbXEIiMXiTzTiYEt4AaABAg","G_acqAJrRso","20a80d939c6fdfb5b79a04c97d05c4ee62b62cf06a21a02458b8d2a318d08924","The most complete review of J5","0","2026-09-15T15:36:06Z","2026-09-15T15:36:06Z","2026-09-18T04:38:30.738340+00:00"
"Ugw93GMt6u2U7T10c5d4AaABAg","G_acqAJrRso","a45d31b63378ca9fc96de27a0e28935dc86b8a9f8d6cfe20d5fc70d5bd0ad660","lama2 mobil EV kaya hape harganya murah tp gak murahan speknya kwkww","1","2025-11-25T22:07:30Z","2025-11-25T22:07:30Z","2026-09-18T04:38:30.738340+00:00"
"Ugwq-kSGBFvBK-HJ1Sh4AaABAg","G_acqAJrRso","112aa3a475f72954de29b678753fdb4da09b99be064c2b33f24d1839b21fdcde","Carmudi emang paling Toppppp reviewnya.. sementara yg lain sekedar feelang feeling doang.. Carmudi detil tapi penjelsannya praktis dan relevan.. yang njelasin klo pas Applecarplay dan androidauto berfungsi panel AC bisa ditarik aja dr bawah, hajya Carmudi yg tahu.. mantaaap..","0","2025-11-15T08:39:56Z","2025-11-15T08:39:56Z","2026-09-18T04:38:30.738340+00:00"
"UgzBp6MDoxj2_3wH6_N4AaABAg","G_acqAJrRso","8f3e4efb55e105f7dc0976171cf13584b16044f76130c29b3e4fc626892e3696","Ini yg paling saya tunggu walaupun gk kebeli","0","2025-11-14T15:45:35Z","2025-11-14T15:45:35Z","2026-09-18T04:38:30.738340+00:00"
"UgyZu2ggxgdhRiGs9A54AaABAg","G_acqAJrRso","d6639026b4b8fb046e5fbca9cf2a2055296f7d0991338f6853729fa4f27bf8d8","Review jaecoo J5 terbaik yg pernah saya tonton. Makasih tips2 detailnya","0","2026-02-04T15:45:30Z","2026-02-04T15:45:30Z","2026-09-18T04:38:30.738340+00:00"
"UgzWMjY5vYNbaR9kBQJ4AaABAg","G_acqAJrRso","1514b60a08d545dfa2a79dedb8a180ccbdd1b3449956a177a30da4b58f12e23d","Jaecoo j5 most worthit car...nice lengkap reviewnya bravo carmudi❤❤❤","0","2026-02-08T02:18:30Z","2026-02-08T02:18:30Z","2026-09-18T04:38:30.738340+00:00"
"UgyBR47FYC3Q-VW7Kq94AaABAg","G_acqAJrRso","089572c86ccdd54c9e9c29e45d2747af4acfb1939b17529ceab3d4fbbe879523","Bang Sano kapan review Veloz hybrid??","2","2025-11-24T10:31:15Z","2025-11-24T10:31:15Z","2026-09-18T04:38:30.738340+00:00"
"UgxvHEiXeYLiWiPuEAZ4AaABAg","G_acqAJrRso","eff27bcf811a75c40c3816135a3af2f75fd5635782bc184230843f291f3aba30","Thank review terlengkap 👍","2","2025-11-15T00:36:40Z","2025-11-15T00:36:40Z","2026-09-18T04:38:30.738340+00:00"
"UgwrhaxcQrzrm9eETWR4AaABAg","G_acqAJrRso","b8b282a08f8e6d273b5692987f6f765baa46371e0ff246b094e31847c9240b01","smoga tahun depan bisa kebeli chery tigo csh...","1","2025-11-14T22:58:08Z","2025-11-14T22:58:08Z","2026-09-18T04:38:30.738340+00:00"
"UgxJZ6XqSywoID7GuEV4AaABAg","G_acqAJrRso","5525efaa84cf3caac6fdae13cbc3a9387bca7863148dabdd46ad5c7618c02f08","yang ditunggu2 akhirnya..","0","2025-11-15T00:45:35Z","2025-11-15T00:45:35Z","2026-09-18T04:38:30.738340+00:00"
"UgxfParj5CJJhhG7gWx4AaABAg","G_acqAJrRso","8efe24550fadd5b01189d76ea4f6bc20de01e80c7a2c18dd44614eaf9702369b","Ini yg terlanjur beli J6 dan E5 juga ikutan nangis sih, nemenin yg baru tebus ICE dan Hybrid. Carmudi jahat, reviewnya terlalu detail 😂😂","21","2025-11-14T13:39:39Z","2025-11-14T13:39:39Z","2026-09-18T04:38:30.738340+00:00"
"UgzJnfgWwYge1Wh_Z5R4AaABAg","G_acqAJrRso","c1b967b78d58a181f26d937a14287186e1ee4d86613b3bcaed3c0e5c2f4b3a0b","Keren review nya detail bgt. Jd pingin beli jaecoo j5 ❤","0","2026-03-22T06:47:23Z","2026-03-22T06:47:23Z","2026-09-18T04:38:30.738340+00:00"
"Ugz6H58fA6oIqBeyHbJ4AaABAg","G_acqAJrRso","9e2878f7ae7d227a252cfa1f9f6a61ef492ab363f70e2f2333ce832d904214bd","video nya sangat berguna utk user J5 baru, terima kasih","0","2026-04-25T07:52:43Z","2026-04-25T07:52:43Z","2026-09-18T04:38:30.738340+00:00"
"Ugzum2W9Bxpd4EA1t954AaABAg","G_acqAJrRso","b8b3d900892f7fb6e47b763b4467aaa579dc5e99b45d0ddde7141b3bcedabb66","Keren banget, semoga segera kebeli","0","2025-12-15T15:20:04Z","2025-12-15T15:20:04Z","2026-09-18T04:38:30.738340+00:00"
"UgzGyaHWeCcfS4ffveR4AaABAg","G_acqAJrRso","6edb418734396aae096a5090b004894cb45d7122a87d8eb0e0375217a62298ab","Alhamdulillah ada juga videonya dari channel favorit gua....😂","4","2025-11-14T11:56:40Z","2025-11-14T11:56:40Z","2026-09-18T04:38:30.738340+00:00"
"Ugx4QVGWTL6kz7mF4f54AaABAg","G_acqAJrRso","a5b293c2841bb39d2c75dac9a490ca3616cb9f26231f3a8cc99056841df08710","keren review nya bang. detail banget","0","2025-12-30T09:27:57Z","2025-12-30T09:27:57Z","2026-09-18T04:38:30.738340+00:00"
"UgxDiwIkB4LQm8iESpd4AaABAg","G_acqAJrRso","536c5de7c975c6c21a1ff74cce0f7c1e704c7ff50ac4f08ab49b0889c78cc160","Nunggu second nya aja😬😬","1","2025-11-18T13:39:22Z","2025-11-18T13:39:22Z","2026-09-18T04:38:30.738340+00:00"
"UgzoLk4Fq_m2Ddtapwp4AaABAg","G_acqAJrRso","5fcb10e25106a8a9a1d3de1f491926656340828d5bb3a77d20a8c9f92e5f6658","JAECOO SURABAYA...JL. RAYA JEMURSARI 213 ( sebelah toyota auto 2000 )","3","2025-11-15T01:57:41Z","2025-11-15T01:57:41Z","2026-09-18T04:38:30.738340+00:00"
"UgyhazwLSxPepEvD6Z54AaABAg","G_acqAJrRso","2429184c02d43043ea5d4725edc706efed82831e88ce38a84aafc90a6adb212b","Ini review versi terlengkap.. tinggal versi uji berkendra lagi.","0","2025-11-23T08:06:05Z","2025-11-23T08:06:05Z","2026-09-18T04:38:30.738340+00:00"
"UgzQ3zy6TRrTCEZRrAt4AaABAg","G_acqAJrRso","c677e27e5110218e7cf1d1a268fa5ba0aea9475ee9698435978d3d15392c14a0","Review terlengkap dan terbaik","0","2026-03-11T09:19:11Z","2026-03-11T09:19:11Z","2026-09-18T04:38:30.738340+00:00"
"Ugwj_-bGKJkAYUNPsc54AaABAg","G_acqAJrRso","e8c618136156022487cba7b60a2d190f5709cc783ed8b371334eaaba27e2e3fd","Di china, mobil buatan negara sendiri di subsidi. Jdi perusahaan pada semangat Produksi barang.

Di indonesia, boro boro di subsidi. Perusahaan Malah dipalak Dari warga, aparat, pemerintah.

Emang palaknesia","32","2025-11-14T23:51:32Z","2025-11-14T23:51:32Z","2026-09-18T04:38:30.738340+00:00"
"UgyQOGMo4fbBCOznxhJ4AaABAg","G_acqAJrRso","c364eb9915beff419dbfb5e1bf3ad7d4a3b93bcc8ea4c5c79220c764b4dc51e3","Mantap iki","1","2025-11-14T14:58:46Z","2025-11-14T14:58:46Z","2026-09-18T04:38:30.738340+00:00"
"UgxkzpxOn-yHlaq2Rat4AaABAg","G_acqAJrRso","8066b4cc883c074e3ff92475a7db5f7860f4c4900aeea8b9adc6e11ea35cfa54","Best cars review👍
Nice!!","0","2025-12-06T15:43:29Z","2025-12-06T15:43:29Z","2026-09-18T04:38:30.738340+00:00"
"UgwlGmQkzo00zY2yOOl4AaABAg","G_acqAJrRso","c07520d0a189086e9961287165149395a52b7382fe8d1216d9565af46ddacd55","Kelar nonton. Mmm ada kkurangan ada kelebihan. Mau cari yg ga ada kekurangan tp duit kurang😅😅 . Worthed lah diharga ini.. Tapi tapi.. preferensi masing2..  smg aman batre, kaki kaki, built qualitynya ga makan servis2.. awet","1","2025-11-14T18:31:13Z","2025-11-14T18:31:13Z","2026-09-18T04:38:30.738340+00:00"
"Ugxl5SWeBYwabYPTrMx4AaABAg","G_acqAJrRso","234ede967a0a1357dd129ec16b102e5dacce59067d4f08c7d10080457277a592","Kelas banget ini jaecoo, buka harga buat kaum menengah, tadinya niat ambil yang standard, tapi beda 50jt aja udah dapet buanyak bener fiturnya. deal nya si di panoramic sunroof, sama suspensi independent . udah liat review nya moladin, jakarta semarang tanpa charging bisa, jadi kalo ke bali sekitar 2 kali charge aja. oke juga ini jaecoo.","0","2025-11-16T06:18:19Z","2025-11-16T06:18:19Z","2026-09-18T04:38:30.738340+00:00"
"UgycZkz3_Bl6qmDXFal4AaABAg","G_acqAJrRso","97bd97e61c06cda340598f7df17edb11bd5a15b95c0bb34597c144a34a9489b5","manifesting punya ini bismillah","0","2026-05-24T14:02:25Z","2026-05-24T14:02:25Z","2026-09-18T04:38:30.738340+00:00"
"UgwNSXx-pMBIDPXCC5R4AaABAg","G_acqAJrRso","9c2991535cca5dcb2a2d01dd8bebbf8d4ff8a58aacfa9801be0c6d189ca14889","gokil lengkap bgt review nyaa","1","2026-02-16T16:15:07Z","2026-02-16T16:15:07Z","2026-09-18T04:38:30.738340+00:00"
"UgxBr7QE8zkYuTpoVy94AaABAg","G_acqAJrRso","3529af400d916b7b8296d23c6fd8672100fa3e042cb810a90a9d0e556201f7db","LUARR BIASAAAAAAA 👋👋👋👋","0","2026-05-05T06:41:46Z","2026-05-05T06:41:46Z","2026-09-18T04:38:30.738340+00:00"
"UgxMESlK3yXHoPukzo54AaABAg","G_acqAJrRso","af3809ae9426eff888259d21e8ff66fd89d209412835e1dd66acaf40b9cfde78","Ahhh gila fitur nya buat harga segitu","2","2025-11-14T16:40:12Z","2025-11-14T16:40:12Z","2026-09-18T04:38:30.738340+00:00"
"UgxB8bbj52BhQWHmNG14AaABAg","G_acqAJrRso","b048c3ae31dda469aa0fe3c5c60a12fa7e3761085e2ec246ec65762b6da896c2","Mobil mobil China emank gokil gokil terobosan nya apalagi mobil ev ...semua keren dan fitur dah canggih","1","2026-06-06T20:23:07Z","2026-06-06T20:23:07Z","2026-09-18T04:38:30.738340+00:00"
"UgwSSZ8IZEkh2sF4ujF4AaABAg","G_acqAJrRso","839ea990bce45bc20d27f2a1e49610ce478194fd1b334c2aa3e0d6ca6bbdb39f","Sepertinya grup chery line up nya cukup lengkap dan saling melengkapi di masing-masing segmen","3","2025-11-14T22:03:46Z","2025-11-14T22:03:46Z","2026-09-18T04:38:30.738340+00:00"
"UgwBGMTY1hnmq0ZOApJ4AaABAg","G_acqAJrRso","8890be773c109b372705ec4c6540dfa4f4df24df1749c244d08289ed9630a6c6","Nungguin banget review mobil sebelah Cortez Darion Ev EX & Phev nya 🦆🦆🦆","0","2025-11-23T13:51:26Z","2025-11-23T13:51:26Z","2026-09-18T04:38:30.738340+00:00"
"Ugxajwg6fq4me45l8IV4AaABAg","G_acqAJrRso","969b044105c86dc9afb6616591b5b3585af9cc953fd281636db2af74c0292a23","Tinggal tunggu aftersale aja klo bagus kemungkinan bakal laku bgt","0","2025-11-16T10:30:43Z","2025-11-16T10:30:43Z","2026-09-18T04:38:30.738340+00:00"
"Ugz8MY9UCSswOj3SzEl4AaABAg","G_acqAJrRso","900c4480bf2c402acfc2a1b523bdca62d3542c1c9040b540f1554a0d270189ed","Produk udalah no debat...
Di kelas Dengan harga segitu kayaknya 2025 ini jaecoo ini juara.
Tinggal pembuktikan Beres n sparepart nya...","7","2025-11-15T08:03:22Z","2025-11-15T08:03:22Z","2026-09-18T04:38:30.738340+00:00"
"UgzFj1dveClnKvh-3254AaABAg","G_acqAJrRso","2425bb4155806ddada029203c91828c5232903f511e0a0deef811f5928ae2c28","Nunggu yg SHS ah...","0","2025-11-14T22:23:59Z","2025-11-14T22:23:59Z","2026-09-18T04:38:30.738340+00:00"
"Ugw7mijbWMUUS8UeX194AaABAg","G_acqAJrRso","79941a735ae112f3fa8c443c17f07342a9920fe27df6c53660d1f170d3392965","Ok fix beli ini! 😂😂😂","1","2026-06-14T20:56:20Z","2026-06-14T20:56:20Z","2026-09-18T04:38:30.738340+00:00"
"UgxTnxCHgTz-m3QdlFp4AaABAg","G_acqAJrRso","3ee0d4ace9e480b8c0c7186918c8d65f092c5b1afa7f6b185e926ccb635911ff","Sdh spk ga sabar nunggu delivery unitnya❤","17","2025-11-14T17:43:30Z","2025-11-14T17:43:30Z","2026-09-18T04:38:30.738340+00:00"
"Ugz3QvWbttfPinEdhNd4AaABAg","G_acqAJrRso","02651a8599edc4e216e8bcf8379da0bded6ba04f4ea16f57e0fb014ff2cc70da","mobil yg pengen bgt dibeli. worth to the max. nunggu yg lama terjual dl br gasss aamiin","2","2025-11-16T09:28:13Z","2025-11-16T09:28:13Z","2026-09-18T04:38:30.738340+00:00"
"UgylG1hIRfz3k74TaV14AaABAg","G_acqAJrRso","d10d2f28fe3b2704791220c07b3261dbb3e5452379da38b03122ca11960cc75c","Buat dipake krj wort nih, range 400an km bs ngecas seminggu sekali nh dipom bensin😂","1","2025-11-15T10:56:10Z","2025-11-15T10:56:10Z","2026-09-18T04:38:30.738340+00:00"
"UgyekYwTjjjphMIpc1N4AaABAg","G_acqAJrRso","33e0b2063aabccbb67785a52daad8c1dee643796bfa728d8db0ecdc651cc413f","Chery group terus merangsek pasar Indonesia. Masih nunggu Lepas 4 dan Chery C5 hybrid.","1","2025-11-14T22:31:45Z","2025-11-14T22:31:45Z","2026-09-18T04:38:30.738340+00:00"
"UgzF4aYU8IGOj5fhNx14AaABAg","G_acqAJrRso","cb5b501fbf32d3e456d7f8348d3f3b90e98d5536ab3e8279bcab2549a9433f25","Review Wuling darion donk , om botak & Carmudi, please..","0","2025-12-22T23:42:54Z","2025-12-22T23:42:54Z","2026-09-18T04:38:30.738340+00:00"
"Ugyi0WB5-IWLoJFBz0J4AaABAg","G_acqAJrRso","2b126a415444f0c59195b539679f2458cc7e2313433276cd361514726203ca7f","habis nonton Carmudi, saya langsung makin yakin dan sudah SPK yang Premium warna Black","0","2025-11-24T05:47:22Z","2025-11-24T05:47:22Z","2026-09-18T04:38:30.738340+00:00"
"UgwTzsewmaw1lMqCJxR4AaABAg","G_acqAJrRso","5fd6435fa36fc34d8f11aac4723f404581da3b202ad1d289e76f962688c3a63f","Mantabb 👍","0","2025-11-26T12:35:23Z","2025-11-26T12:35:23Z","2026-09-18T04:38:30.738340+00:00"
"UgyujX6IYQEZQH9a0Fp4AaABAg","G_acqAJrRso","204a65e5296d650e093be76ee228687b1b2c94147e84b084a0cbc5368025bc6b","Tail gate Zenyx bisa bljr dr J5 ev 
😂😂😂","6","2025-11-15T00:11:41Z","2025-11-15T15:08:05Z","2026-09-18T04:38:30.738340+00:00"
"UgzzhVtwi64KzT-uPeN4AaABAg","G_acqAJrRso","ae967ada4931a1fc0ff4eaa92ef6fd7093ae5964061a11438047497485827282","Review Paling lengkap emang cuma sama Saitama","5","2025-11-14T13:25:20Z","2025-11-14T13:25:20Z","2026-09-18T04:38:30.738340+00:00"
"Ugz7SPkquraelJoCs2l4AaABAg","G_acqAJrRso","4954bf4cb4b8ba54dee48c31affa1bbf7b7719276eb0fb15c0f7a1c9a0a7c1ca","Makin g sabar nunggu delivery. Semoga dpt nik 2025","2","2025-11-14T22:48:55Z","2025-11-14T22:48:55Z","2026-09-18T04:38:30.738340+00:00"
"UgwTNNfiS74dqJgUSLp4AaABAg","G_acqAJrRso","584618a88c2a200c595af024b43416f2fb09acf68a38f2dcc5bbe792a20bc52e","plis jeaco jadiin itu varian 5+2 karna rata"" orng indo slalu bareng keluarga kalau pake mobil","2","2025-11-17T02:50:58Z","2025-11-17T02:50:58Z","2026-09-18T04:38:30.738340+00:00"
"UgxEw6-eNopqT6siDHp4AaABAg","G_acqAJrRso","2eb85a1b4bb9cefbba979c66d04873cf01b57f1241ca3587f89183b7267c2c37","Mobil yang revolusioner. Akankah mengobrak abrik pangsa pasar ev yg sudah existing. Wuling byd yg selama ini jual kemahalan bakalan banting hargakah?","1","2025-11-16T11:34:40Z","2025-11-16T11:34:40Z","2026-09-18T04:38:30.738340+00:00"
"Ugw68HtrkFRNxsytMLx4AaABAg","G_acqAJrRso","30e3e51ceea24367918cdd1ce200ff3a2817685e0ec5d5a15e45424aee1f2ac6","test drive jaecoo , abis itu balik ke mobil ortu rasanya kayak mundur 10 tahun ke belakang..
pdhal mahalan mobil ortu.. -_-","33","2025-11-14T13:49:52Z","2025-11-14T13:49:52Z","2026-09-18T04:38:30.738340+00:00"
"UgyB1J8AXIc2YKbQGIV4AaABAg","G_acqAJrRso","e0397669813363aba0b984ef4563d268d951f4aea6595a60a2b6780dd7225eed","Habis nonton ini kok jadi tertarik dan kepengen beli ya...","3","2025-11-14T22:12:59Z","2025-11-14T22:12:59Z","2026-09-18T04:38:30.738340+00:00"
"Ugw-skQSsB4_d6Q6tjN4AaABAg","G_acqAJrRso","cf1ef843564cf89b351fcc8b317420a6560cef4579f6e591cbae90263cb43a7a","Ada yg hitung berapa kali dia bilang “mobil 300 juta”","0","2025-11-16T12:56:45Z","2025-11-16T12:56:45Z","2026-09-18T04:38:30.738340+00:00"
"UgzXU9guDjX77a8gcvV4AaABAg","G_acqAJrRso","71bac3d8b1cf6182b097b94d86fb546160a84993ca13ad30e4bd66813e4e9237","7:02 Range Rover Velar versi Lite.","20","2025-11-14T12:31:14Z","2025-11-14T12:31:14Z","2026-09-18T04:38:30.738340+00:00"
"UgyO0TOs8yzW3AvxaR94AaABAg","G_acqAJrRso","8b144e26f65935211dbe3d9323c5b00fdda8971f60d1e0ea116ed21e5af8a028","Mobil yang masuk ke indonesia untuk dijual apakah di tes/standarisasi dulu tidak ya oleh pemerintah?","0","2025-11-14T15:35:18Z","2025-11-14T15:35:18Z","2026-09-18T04:38:30.738340+00:00"
"UgxhNNFmgTxOgn4XQ3t4AaABAg","G_acqAJrRso","230f75aafdedb60cab414f540f09c0c878daeb56f47095ec262d1a92e9fa2a14","gemetar yang lain","1","2025-11-15T12:33:58Z","2025-11-15T12:33:58Z","2026-09-18T04:38:30.738340+00:00"
"Ugzf4qrDvt8WPHGijS94AaABAg","G_acqAJrRso","b2ca2d91acb944cdbb7d3cfd3df293514f5df9d84e4b6a698b8417eaec4f3ded","BYD atto3 harusnya langsung turun harga melihat pesaingnya seperti ini 😊😊😊","0","2026-02-02T11:46:38Z","2026-02-02T11:46:38Z","2026-09-18T04:38:31.419348+00:00"
"Ugzp0MjSHFzpbJ9Ahv14AaABAg","G_acqAJrRso","f87d36fe924f672fe0bb0193491bd18629aeaff24ba9399d6eac3170a8dbc457","Pasti datang ke garasi rumah saya terima kasih ❤❤❤","0","2025-11-18T11:15:07Z","2025-11-18T11:15:07Z","2026-09-18T04:38:31.419348+00:00"
"UgzH0hwwpMdX_-mwDKV4AaABAg","G_acqAJrRso","d34b7ba827d94747801dc016911262b21ca8edc013d985aea57a4e6614a601d1","tungguh2 aja harga semakin bersaing dan semakin banyak jenis mobil listrik yg akan berdatangan mana yg murah itu yg laku yg mahal akan mati jadi proyek gagal","0","2025-11-15T11:40:45Z","2025-11-15T11:40:45Z","2026-09-18T04:38:31.419348+00:00"
"Ugz7hztkLTWzlydd6zd4AaABAg","G_acqAJrRso","ead8b75d399ab0a9a408abd1af61528b57a079d73b21ccdc93540da792621107","Udah dicoba di moladin tembus 470km sampe battery nya habis
Gokil ini jaecoo good job!","0","2025-11-27T07:52:28Z","2025-11-27T07:52:28Z","2026-09-18T04:38:31.419348+00:00"
"UgwDucUePm1KG6iduLl4AaABAg","G_acqAJrRso","7c74ae68a82c7b29fcf1e074902398147708b6abaafb90fb5d30bd86da25842e","Sumpah ini mobil dgn hrg segini fiturnya lengkap banget. Udah kaya ponsel premium pake roda empat. Cuman gak tau ya build qualitynya dibanding mobil Jepang.","0","2025-11-17T05:05:39Z","2025-11-17T05:05:39Z","2026-09-18T04:38:31.419348+00:00"
"UgwlRw97oWQ3N4tnzKF4AaABAg","G_acqAJrRso","2bbdc116143728502d330a28134ac934f5aa4fbe45317e9d49634a9d9549ad17","Lucu banget di akhir video 😂","1","2025-12-19T03:38:07Z","2025-12-19T03:38:07Z","2026-09-18T04:38:31.419348+00:00"
"Ugz2DMbJoi96qIuGyFN4AaABAg","G_acqAJrRso","0480b912beadb1a000a3ebeefc98e881a917c383c08d8f75057265bd51ddddd4","Woiii mopang... Bisa gak bikin fitur n harga mirip ini 😊","1","2025-11-15T23:15:10Z","2025-11-15T23:15:10Z","2026-09-18T04:38:31.419348+00:00"
"UgzGKZKFYQaGhLyHmBR4AaABAg","G_acqAJrRso","e9f9021ba096cfc68dee484bd9347b0d72e70ccccfd1ede1072d74bfc8df1acf","Berharap aja setelah 1000 pembeli pertama kelar, panel speedometer di ganti dan dikembalikan seperti di inggris 25:04","0","2025-11-22T17:27:14Z","2025-11-22T17:27:14Z","2026-09-18T04:38:31.419348+00:00"
"UgxmYkXriX0KH6pcJdN4AaABAg","G_acqAJrRso","127d06948c6a7199dfece438d6697563c851e279b3ecbe581729e04ca4c72e33","41:21 info penting buat pengguna","6","2025-11-16T00:16:54Z","2025-11-16T00:16:54Z","2026-09-18T04:38:31.419348+00:00"
"Ugy94QsJWnonuUCKxsl4AaABAg","G_acqAJrRso","29d32bfaf2236df72eb0e6b8c90c2e92e31b7fb20397a6f9f73a80922155813c","Perang harga dimulai 😂😂😂","4","2025-11-14T17:37:05Z","2025-11-14T17:37:05Z","2026-09-18T04:38:31.419348+00:00"
"UgwXbDzrIlltOH1uIDt4AaABAg","G_acqAJrRso","16400ce26ce91ee302fb8225d82a3c525f0dc54233d283bf8eb5a136a8c95e6f","Bismillah","1","2025-11-15T01:04:18Z","2025-11-15T01:04:18Z","2026-09-18T04:38:31.419348+00:00"
"Ugxnyr7Qz-veC7aFo-B4AaABAg","G_acqAJrRso","a5072ea1eaf7401ede51df6a399d7146fce557d0d0071d20da3ea2f9018d5706","Persaingan mobil listrik sangat mirip dgn handphone","0","2025-11-17T03:47:18Z","2025-11-17T03:47:18Z","2026-09-18T04:38:31.419348+00:00"
"UgzCWNPKKVocuVE83ul4AaABAg","G_acqAJrRso","5d74f33ee34cd9fdd8a39c28ffd02983677a427848aa9b64cbc53a90d41cc6d1","apa2 kalo mau beli mobil liat review carmudi paling suka paling detail dan paling aneh logat nya😆","0","2026-05-30T08:00:49Z","2026-05-30T08:00:49Z","2026-09-18T04:38:31.419348+00:00"
"UgyxmP80N5eLtyRJbmJ4AaABAg","G_acqAJrRso","9823826863dccf4874ae8130ea27d70eebe4ed08ea47a2087bafd6107173810e","gila sih honda hrv serasa missskinnn banget fiturnya","8","2025-11-16T14:08:55Z","2025-11-16T14:08:55Z","2026-09-18T04:38:31.419348+00:00"
"Ugwc8w1JNSTrkzpnJGp4AaABAg","G_acqAJrRso","bdacac7b8d75fc93ad2ab3fbd044ede710bf97c0c025c104ae6a39bc43b2a6b1","Nunggu J5 phev 😁","0","2025-11-15T00:57:50Z","2025-11-15T00:57:50Z","2026-09-18T04:38:31.419348+00:00"
"UgyTcDJVVh6MI3vNYKZ4AaABAg","G_acqAJrRso","147c597ae0a5e77ab3b1b257c5b20c5209c3191e4591d8fcb2929f9aad510492","mestinya sudah lebih dari 1000","1","2025-11-14T13:25:11Z","2025-11-14T13:25:11Z","2026-09-18T04:38:31.419348+00:00"
"Ugzg1FEFO4mc3WFvJ2Z4AaABAg","G_acqAJrRso","a72ebf163bf4baa3c8c50d82bd181b11f816b84c0600160a17675a10006b6621","Mudik bakal berebutan chargeran di rest area ini mah 😅😅","0","2025-12-03T05:53:40Z","2025-12-03T05:53:40Z","2026-09-18T04:38:31.419348+00:00"
"Ugy8c0XIpAmCL-PRKv94AaABAg","G_acqAJrRso","5272e2dee898d8a6513b67c0cfaa3af64437597cfcdc445b94e65c4e78b349b4","ini mobil lengkap banget sih fitur2nyah  rasa ingin memilikinya pasti ada ...aku doakan di thn2026 semua sobat you tube terqobul hajat dan cita2nya  pada punya mobil mopang atau mocin mobil idamannya beli secara  kontan / kredit syariah  ,salam sukses dan sehat selalu mudah rizqi 🤲❤","1","2025-11-15T13:51:41Z","2026-01-01T12:48:05Z","2026-09-18T04:38:31.419348+00:00"
"Ugxk-pIuCCeuiijcsAR4AaABAg","G_acqAJrRso","993c426f0b152c3102e962265bf15e192873d119216232998577dd27cf2b4e02","Hadir","0","2025-11-14T11:56:24Z","2025-11-14T11:56:24Z","2026-09-18T04:38:31.419348+00:00"
"UgwkPk6Sq2po09xJZQF4AaABAg","G_acqAJrRso","e08ea7014d4d1b126efaf754af70a40f7d5bcc84783d258af9f85fd6fd0a45d6","Apakah aman ya seluruh control melalui tab nya😂 mending ditambahin tombol2 fisik ga sih biar lebih joss..","0","2025-12-03T06:56:23Z","2025-12-03T06:56:23Z","2026-09-18T04:38:31.419348+00:00"
"UgykQavlc2DL8bBS_9R4AaABAg","G_acqAJrRso","1deb2a18a394c77788d2ca0e199d6a387aa475935419e29b3e825ad996410cf4","nunggu versi gasoline/hybrid meskipun non phev","0","2025-11-16T06:37:25Z","2025-11-16T06:37:25Z","2026-09-18T04:38:31.419348+00:00"
"UgwvYPvtwqQ-0tXhYwZ4AaABAg","G_acqAJrRso","8207e5badcb998f71781482fd7ca7ad77de7f86be9eee61167498b5006fbe28c","Buat yg j8 shs ardis dong om","1","2025-11-14T14:12:37Z","2025-11-14T14:12:37Z","2026-09-18T04:38:31.419348+00:00"
"Ugz02fftbOq3nCshgzF4AaABAg","G_acqAJrRso","2ea00634333a9f27a56d95fa09648673bae6156d4d42815114c5d770add59c66","banyak banget fitur elektornik nya","1","2025-11-26T06:07:37Z","2025-11-26T06:07:37Z","2026-09-18T04:38:31.419348+00:00"
"UgyQxIv5zYEyuayJVnp4AaABAg","G_acqAJrRso","8e9be3c53d01e5beceb9dad880c58a4c892ae413c88ee67363ecccd6480105c5","sejauh ini. ini mobil listrik paling worth it bagi saya","0","2026-04-27T23:11:14Z","2026-04-27T23:11:14Z","2026-09-18T04:38:31.419348+00:00"
"UgyzkzFG61XQNOSOZlZ4AaABAg","G_acqAJrRso","db62eefdb29e97aeb4114925b93935a27162e8857d06f081b87584ae69c3fdd7","Berarti yang dijual kebanyakan itu overprice ya","1","2025-11-15T05:27:00Z","2025-11-15T05:27:00Z","2026-09-18T04:38:31.419348+00:00"
"UgxxuTuENmsCq1ofK7F4AaABAg","G_acqAJrRso","d745b5ddd30b1b6850c6e6b5ea4c088e72e5c574e6d6ea8e060b61c8fd2a2eef","bakal ada J3 ga ya?","0","2025-11-14T15:06:22Z","2025-11-14T15:06:22Z","2026-09-18T04:38:31.419348+00:00"
"Ugzbniq7NivuXWNbfRR4AaABAg","G_acqAJrRso","fbf4b71472d54ef4e06c4d99f9d42779a2258f2a4d201e613f08b4c5029fed6a","Serius nanya; 

Kalau sudah punya Wuling Air EV dengan Wall Charger di rumah yang daya listriknya 11,000, pasang Wall Charger JAecoo J5 harus pasang meteran listrik baru ga ya? Ada yang bisa bantu jawab atau ada yang punya pengalaman sama?","0","2025-11-21T08:42:32Z","2025-11-21T08:42:32Z","2026-09-18T04:38:31.419348+00:00"
"UgzcQMo0ujtJGStxByJ4AaABAg","G_acqAJrRso","9ec4982c491fc0270a69074146e7b487af42177447966fbb83c888eb8692ab7c","Udah spk yg warna ijo 😅","2","2025-11-20T16:15:02Z","2025-11-20T16:15:02Z","2026-09-18T04:38:31.419348+00:00"
"UgxLWU_bYtHRg-WZXQB4AaABAg","G_acqAJrRso","803a3d5e4c5c35e2b718dbf5d3bdbaf2ae7d67c9c0f2b42d04cafc1579db7556","ganti velg vossen palah 5 udah keren bgt ini 🥰😍","0","2025-11-15T16:00:01Z","2025-11-15T16:00:01Z","2026-09-18T04:38:31.419348+00:00"
"UgxlUOl1yP5unHBxQpV4AaABAg","G_acqAJrRso","0535612299e7872c73c213131c8ebdbf6bb6ce9303104f0fe9520544aa75efb8","nyesek bgt bisa lbh bagus sekaligus lbh murah drpd XL7 Alpha. kacau...","4","2025-11-14T23:38:01Z","2025-11-14T23:38:01Z","2026-09-18T04:38:31.419348+00:00"
"UgzNlcU3dBnHBqty5u14AaABAg","G_acqAJrRso","ea6c9f21ef32295db9d4d6d6d14c5a3ac5ea8e331cb5c42bc34cf8f1840839e0","Gilaa sih ini fiturnya","0","2025-12-08T08:06:49Z","2025-12-08T08:06:49Z","2026-09-18T04:38:31.419348+00:00"
"UgxXpPLT0J0ynXlwwfl4AaABAg","G_acqAJrRso","f22e4d7bb4779d6f126f7dd09d91de3d2461b3db54beaf6cba972a19ea55fe12","klo ngelibas banjir air ngendon/masuk ga di bagasi depan","0","2026-01-21T08:32:34Z","2026-01-21T08:32:34Z","2026-09-18T04:38:31.419348+00:00"
"UgxvHZucgvJvyh-bwk14AaABAg","G_acqAJrRso","6fbd39f6434d4aab9c785f3871c71931b18175359c3e41cf5cd8713d02c79898","sistem adasnya gak ada Lane Keeping Assist (LKA) ?","0","2025-11-28T13:31:19Z","2025-11-28T13:31:19Z","2026-09-18T04:38:31.419348+00:00"
"UgwIqXX0SKOi_VWIXYZ4AaABAg","G_acqAJrRso","c8608a84c4ec7e96a3343c427883c4bd159a409a76f32d481027aa7bc8fe997c","Nunggu jaecoo J2 prime
Harusnya under 100Jt 🎉🎉
Yuk bisa yuk mengingat lcgc aja dulu bisa under 100Jt","0","2025-11-25T13:05:33Z","2025-11-25T13:05:33Z","2026-09-18T04:38:31.419348+00:00"
"Ugwb8R5rY-wpQnD6IIx4AaABAg","G_acqAJrRso","c8ed074e9140de6418bab4eb7bc93897412baa936a0b64e7e09bcd8bf03c759f","Emang konten om gondrong paling top markotob is d'best daahhh... lengkap bgt.. sales mobil J5 ini cukup mengarahkan ke customer.. utk nonton konten carmudi om gondrong sdh kumplit","2","2025-11-15T01:44:03Z","2025-11-15T01:44:03Z","2026-09-18T04:38:31.419348+00:00"
"UgyQFbK40-omIpH6sfd4AaABAg","G_acqAJrRso","a69a5119af025e1660bfa1cf26d132f655c0d98a46e8654306c106b4e0c6dbe5","kalau review kasih info bisa sleep car juga","0","2025-12-01T07:45:13Z","2025-12-01T07:45:13Z","2026-09-18T04:38:31.419348+00:00"
"UgwKVUY926pj5nMilb94AaABAg","G_acqAJrRso","9836037fbec4507c1c2f0144e2f91f5c1b2748683c7d83f1abe2aebefc509f4f","Hrus ada yang bensin juga dunk 😂","1","2025-11-15T13:43:34Z","2025-11-15T13:43:34Z","2026-09-18T04:38:31.419348+00:00"
"Ugz6-kupC9KXXa01vTB4AaABAg","G_acqAJrRso","f2c5900abc51bd49200ce6f626c18143edb23f4c25e9ef5c3a22f8373db6c63e","Pasti beli sepertinya, nunggu bekas nya aja jadi pendamping CX
Masih sangat senang dengan CX saya saat ini yg timeless model","0","2025-11-14T12:23:36Z","2025-11-14T12:23:36Z","2026-09-18T04:38:31.419348+00:00"
"Ugw-TrCzR8pPobTnpIx4AaABAg","G_acqAJrRso","7008ea3f3300423b7c7d23481a3854bf8bc25a67ff91eac0782059c6d2f6041b","keren sih. biar orang2 pada pindah gitu dari mobil jepang....hehe","0","2025-12-25T16:28:58Z","2025-12-25T16:28:58Z","2026-09-18T04:38:31.419348+00:00"
"UgxgRmGkcf6vThWlYDp4AaABAg","G_acqAJrRso","d7ac6bf03d2479b2b504d661ba3e70a9f99fd0aaf218a05b3f288bd9d97ae537","MOBIL LISTRIK DAN MOBIL MURAH TERBAGUS YANG OERNAH ADA DI INDO","0","2025-11-20T14:50:20Z","2025-11-20T14:50:20Z","2026-09-18T04:38:31.419348+00:00"
"UgxR6myWY8aI3QEhmTF4AaABAg","G_acqAJrRso","4ed60f986f44bc44eb2ae820f254811ea055c00fea53df594ae9ef6d07f9c842","udh beli atto 1 dan inden ini pula 😂","0","2025-11-15T16:57:37Z","2025-11-15T16:57:37Z","2026-09-18T04:38:31.419348+00:00"
"UgzhcCzhlSWLF8hzh914AaABAg","G_acqAJrRso","ea82d4c51900b9371404629fdb8941bed9867fc40fd081ac525eee4cfa01a904","Review carmudi plaing keren daripd yg lain mnurut gw😂","0","2026-06-11T13:16:08Z","2026-06-11T13:16:08Z","2026-09-18T04:38:31.419348+00:00"
"Ugw34WjiQEU00C-T3c54AaABAg","G_acqAJrRso","bc6a06a682dc48c55f2249e200356ac9fd16b237bdcc484ae8e4e0ed12f67fd9","Dikasih band gede garang banget ni mobil","1","2026-07-19T01:36:06Z","2026-07-19T01:36:06Z","2026-09-18T04:38:31.419348+00:00"
"Ugw2d3V_CEWUaeaVKvR4AaABAg","G_acqAJrRso","c9a2652526c5ca0e955af05c6248364b1c346056849d0c705fdcaf7b3702dafa","kapan bahas DARION kak?","0","2025-11-18T06:33:58Z","2025-11-18T06:33:58Z","2026-09-18T04:38:31.419348+00:00"
"Ugw0roPtdb7SZBZq5Il4AaABAg","G_acqAJrRso","1cd4c730d546a1db2f3e9d5b3e9b4e35aaf4e8e6300c303c0c3c39138768b117","Menyala adenye Giant😝","0","2025-11-15T01:13:36Z","2025-11-15T01:13:36Z","2026-09-18T04:38:31.419348+00:00"
"Ugw7yX6GJicTMms5jwJ4AaABAg","G_acqAJrRso","77578dfed365ae6876b05bb9ed6efdb1e5542095ea7a25e011ed4fe1a24c2621","Yg versi bensinnya kapan masuk Indonesia","0","2025-12-14T02:26:21Z","2025-12-14T02:26:21Z","2026-09-18T04:38:31.419348+00:00"
"UgwlfaOm_VSI4S6X4F54AaABAg","G_acqAJrRso","8580dc9e0d0229783fe1d5fd12616dad139d49ef64c12cab8192a9917fc66189","jadi pengen ganti jadi ini.","0","2026-04-09T03:02:18Z","2026-04-09T03:02:31Z","2026-09-18T04:38:31.419348+00:00"
"UgywJRUptsOPD3Cms-B4AaABAg","G_acqAJrRso","988072783eb6b5cd177b400522aebb7800266372a00e4f610e320a31eff12813","Baru tadi tes drive lumayan enak sey lebih enaknlagi yg j8 😅 apa daya  dana gk cukup ( hunting sampai ketemu harga yg cocok)","0","2026-01-17T17:15:36Z","2026-01-17T17:15:36Z","2026-09-18T04:38:31.419348+00:00"
"UgzT-RnYtdW0CetKId94AaABAg","G_acqAJrRso","33284f515bb254fcdb3d222baa36e70c8dd6a1accd2845d978873174b4d45c87","BISMILLAAH

INSYA ALLAH KU MAU BELI 2 MOBIL INI

IBUKU PASTI SENANG SEKALI


ALHAMDULILLAAH


SEMOGA KALIAN SEMUA JUGA BISA MEMBELI 2 MOBIL INI

AAMIIN YAA ALLAH","3","2025-11-15T11:55:46Z","2025-11-15T11:55:46Z","2026-09-18T04:38:31.419348+00:00"
"UgwtXfJG_ljq_MySDld4AaABAg","G_acqAJrRso","a6808f470156650617df4eb7c2a542c98611315eca154c2a06c92665fcb7d847","Nunggu versi 7 seater bang 😂","0","2026-09-14T06:37:09Z","2026-09-14T06:37:09Z","2026-09-18T04:38:31.419348+00:00"
"UgwXtpcqF_p6KYMpEaN4AaABAg","G_acqAJrRso","a87872fd15c335c991ae64cfe1b9da257093d776542453a7fe07987dfe8a7756","Bang mau tanya indent brpa lama ya?","0","2025-11-20T06:40:41Z","2025-11-20T06:40:41Z","2026-09-18T04:38:31.419348+00:00"
"UgxgXYen7GmPd98fkiZ4AaABAg","G_acqAJrRso","53b925f1252989dbb66774067366eaf0acbf146ca220480f41759e89045c2460","editor om botak naik gaji,,,gokil","0","2025-11-16T23:49:46Z","2025-11-16T23:49:46Z","2026-09-18T04:38:31.419348+00:00"
"UgwjqC8bIWRivhCi3bN4AaABAg","G_acqAJrRso","b0931bf9eeb64fe73e6ff3cc6152d600be04d7843692934d091890148d41f5d0","Allahumma shaliala sayyidinanmuhammad. Semoga aku bs beli jaecco j5","2","2025-11-14T15:22:23Z","2025-11-14T15:22:23Z","2026-09-18T04:38:31.419348+00:00"
"Ugz4SLS-1kGitr1kBWZ4AaABAg","G_acqAJrRso","1f8e081f9e447ec3c64e0aaf2cc8cd212ddfbb25ebc86ad5627c9946284185b2","Auto SPK nunggu dateng unit akhir bulan😊","6","2025-11-14T11:57:19Z","2025-11-14T11:57:19Z","2026-09-18T04:38:31.419348+00:00"
"Ugww6kfPeJVr-P1E9u14AaABAg","G_acqAJrRso","5db6b33bb15a66e690eb12e7b5ed21f561d8f92a7a72c5a139436ad35c662584","nice","0","2025-11-14T22:56:30Z","2025-11-14T22:56:30Z","2026-09-18T04:38:31.419348+00:00"
"Ugxq0Ke9z8I4FIxTmxZ4AaABAg","G_acqAJrRso","e667e41a12302eb010183112da8441fc9a8ffc156663c63ab490d3ec9f0fc57d","Kurang ban serep aja sebetulnya mobil ini. Wajib ada di Indonesia, minimal yang temporary deh","2","2025-11-15T09:01:41Z","2025-11-15T09:01:41Z","2026-09-18T04:38:31.419348+00:00"
"Ugx72BonHuHIgjAo6KR4AaABAg","G_acqAJrRso","bb29f38b21787cbaecb147da859cb5818c90cdeee369fa866217c2ca5babba24","Kebayang ad 7 seaternya langsung jadi market leader 😍😍","1","2025-11-21T13:38:00Z","2025-11-21T13:38:00Z","2026-09-18T04:38:31.419348+00:00"
"Ugxp9i6rhS3-oXwlf7V4AaABAg","G_acqAJrRso","5413922ca4643b45e5c8b91c143a5e47d51db5947f4b191d98e48d98fec6ead8","41:22 adalah bahasa review untuk alam lain😂","1","2025-11-24T05:01:02Z","2025-11-24T05:01:02Z","2026-09-18T04:38:31.419348+00:00"
"Ugxy2Bub7OQwgeL8gDh4AaABAg","G_acqAJrRso","c677e27e5110218e7cf1d1a268fa5ba0aea9475ee9698435978d3d15392c14a0","Saya baru serah terima untuk model 2026, tapi intelligence cruise assist  di speedometer yg gambar stir warna biru kok tidak ada ya, tapi di video youtube semua ada. apa fitur di kurangkan di model 2026???","0","2026-04-16T13:15:52Z","2026-04-16T13:15:52Z","2026-09-18T04:38:31.419348+00:00"
"UgyaJohgEBrPbvJ_Qgh4AaABAg","G_acqAJrRso","52557b2ab2704ea2fcfb2503048b9574f9ad8e485ca08e0bb3b1ed5e241f8aa6","4:30 ""the blutus dewais is lidi tuper""","0","2026-05-06T16:18:52Z","2026-05-06T16:18:52Z","2026-09-18T04:38:31.419348+00:00"
"UgzSS5NDMeRi0I8z4Gt4AaABAg","G_acqAJrRso","216aeb3a7549a291bc53571535b85ee0b00166caf6fe5720da0fe0f031caa88c","gila sih ini 😂 seperti nya era energi mandiri di sini sdh dimulai, fix sy akan jual mosin beli EV sisanya bangun PLTS kecil2 an masih cukup uangnya walau tambah kredit dikit masih sangat worted bgt MERDEKAAA etanol!!!","1","2025-11-15T21:34:16Z","2025-11-15T21:34:16Z","2026-09-18T04:38:31.419348+00:00"
"UgzciQtLgltgZFYiCOp4AaABAg","G_acqAJrRso","9d061ecbf16ba4788df506b8f8c9fb4a4a90cbb6c3f8b76a530cbf10222bf698","Katanya harganya gak masuk akal tapi dikit dikit bilang kualitasnya wajar buat mobil dibawah 300 juta...jadi emang sebenernya harga dibawah 300 juta emang masuk akal dong om...","2","2025-11-14T22:45:48Z","2025-11-14T22:45:48Z","2026-09-18T04:38:31.419348+00:00"
"Ugz-3cr9w-Nx9YEuG5V4AaABAg","G_acqAJrRso","a18f2ca83f8993d0322174e7f372e3959ada5188e7d8fdf3cd8c9f075b45336b","Aksesoris j5 yg utama: kaca film vcool untuk panoramic roof, rebahkan  jok penumpang di bengkel, tutup sirkulasi ac  di bengkel, beli carpet plastik buat becek saat hujan,beli ban serep .","0","2026-07-08T04:53:08Z","2026-07-08T05:01:35Z","2026-09-18T04:38:31.419348+00:00"
"UgxJRvKB9RQO-1V5lwN4AaABAg","G_acqAJrRso","faa999640526d3655c93bd8aed6685a37fa3dd1b2af6af8f3edbffaaf68f01bf","Review byd atto 3 dongg","0","2026-09-11T02:21:01Z","2026-09-11T02:21:01Z","2026-09-18T04:38:31.419348+00:00"
"UgzugKfKwZlikqt51EB4AaABAg","G_acqAJrRso","7d05c1b32c575b7b1624ccd90809b9c5d05b5966994dc0610ae773a3fd8a05a0","Pembeli jaecoo j5 yg spk diatas 1000 unit lebih baik pikir ulang untuk spk baru atau percaya sama sales unitnya bisa cepat, untuk info yg spk awal 1000 unit pertama saja serah terima unitnya masih tidak jelas","0","2026-01-12T14:19:03Z","2026-01-12T14:19:03Z","2026-09-18T04:38:31.419348+00:00"
"Ugw30a7kIZcuFisEcaJ4AaABAg","G_acqAJrRso","49bdddd9c9f4d888f0d80aaedfffe65add3b86c8d39ccec0a19cad3b73c00620","Reborn ganti ini???","0","2025-11-17T06:58:57Z","2025-11-17T06:58:57Z","2026-09-18T04:38:31.419348+00:00"
"UgwToBgHVg1Cd5rOjsl4AaABAg","G_acqAJrRso","b989fcf33b9263954ba64c640d042640397f60268f53eebc7946c36eb8f16929","Baru beli Atto1 jadi geleng2 kepala liat review J5 ini😵‍💫 ini launching setelah saya bayar Lunas atto1 😖 Jadi pengen TT dgn mobil saya lain🤤","2","2025-11-21T01:50:10Z","2025-11-21T01:50:10Z","2026-09-18T04:38:31.419348+00:00"
"UgzZvpe7wiLapYhKU6p4AaABAg","G_acqAJrRso","14ed02c75dd4ea5fda517d520c3970683f9685132b7165ba4b974cda203caca8","ini mah bukan cuma HRV yang dilibas, hampir semua mobil jadi berasa mahal, atto 1 aja kerasa b aja dibanding ini, dengan catatan harganya beneran segitu ya gak naik pas mobilnya datang","3","2025-11-28T03:26:30Z","2025-11-28T03:26:30Z","2026-09-18T04:38:31.419348+00:00"
"UgzIVWwwHt8sLCzUUyx4AaABAg","G_acqAJrRso","d8aef35a578a4106f47d7a7a7ecf3bc19d06222e3cf5c08f2bf8dc0eb4b3c1af","Penumpang bagian depan gak ada arm rest tangan sebelah kanan 😢","0","2025-11-15T10:29:24Z","2025-11-15T10:29:24Z","2026-09-18T04:38:31.419348+00:00"
"UgzcvNT9AURiVIekXIh4AaABAg","G_acqAJrRso","85bbd37dcf803561b43a4aaea03792809d3aa99b9dd13031d3e4a36a85ff1172","Cortez lux 250an jt independen","1","2025-11-14T22:34:52Z","2025-11-14T22:34:52Z","2026-09-18T04:38:31.419348+00:00"
"UgxXOhgY7zZv-sFwmMd4AaABAg","G_acqAJrRso","56b9491d9bf5bcd9d482502f2b8399944f63afb2aea01b7d429c10162651c582","Jaeco kapan bikin LMPV 7 seater 200jutaan Plug in Hybrid?","1","2025-11-15T04:42:05Z","2025-11-15T04:42:05Z","2026-09-18T04:38:31.419348+00:00"
"UgzobFQVVFLGS632Qet4AaABAg","G_acqAJrRso","6ebf3d783bde9db3fd743ee7eb9a079151b514265473adf54cc36fff58584dea","Sayang bgt tuh arm rest nya nanggung bgt agak2 melehoy terlalu kebawah 😭😭😭😭😭","0","2025-12-26T14:16:58Z","2025-12-26T14:16:58Z","2026-09-18T04:38:31.419348+00:00"
"UgyEy0ZLb1L5t_hqRel4AaABAg","G_acqAJrRso","34ffad4105c8e214b837c892643a550d75bf3f4bb35f896fab622e0321080db7","Wahhhhhh.... Tp inden lama yaaa","0","2026-05-20T08:33:43Z","2026-05-20T08:33:43Z","2026-09-18T04:38:31.419348+00:00"
"UgwpnoEzdyMzOa1tmUV4AaABAg","G_acqAJrRso","2e2167230f32837a72ec521af2db98b5be3158aa0cc26e8e070a1a81b699ff61","Mobil ini layak masuk pada kategori benda ajaib. Udah gitu aja","0","2025-11-29T02:33:29Z","2025-11-29T02:33:53Z","2026-09-18T04:38:31.419348+00:00"
"UgyynadZzScqCrsD1RJ4AaABAg","G_acqAJrRso","3282b52cb520bf66d105e85724e5fbad9abcf7b653bf0589a63c9036910fb75d","Saya sudah SPK tapi Fitur voice commentnya kalo buat saya ini gak fungsi. 
.
.
.
.
.
.
.
.
.
KArena saya sumbing😃","0","2025-11-15T01:57:01Z","2025-11-15T01:57:01Z","2026-09-18T04:38:31.419348+00:00"
"UgzxHB8biACuphqR9FR4AaABAg","G_acqAJrRso","11320e0ceca375c96ca696028d3560da6a88f09c2125a4ba64f6f00218d06447","Ana rega ana rasa lan rupa.
Contoh kue donat di pasar 1000/bh.
Tapi dunking donat..../bh.
Beda harga beda rasa !","0","2025-12-31T15:15:57Z","2025-12-31T15:15:57Z","2026-09-18T04:38:31.419348+00:00"
"Ugz5XV6ry3_Hawu-AfN4AaABAg","G_acqAJrRso","952f2e455ecbc1a8500fee8df1c0fb5da56b01b70c338166c82d2a8f3139377d","Harganya ga 299..walau sudah SPK di GJAW 2025

Alasannya adalah dapat mobil di tahun 2026, faktur mobil 2026
Dan 2026 tidak ada Subsidi Pemerintah

Tambahannya pemberitahuan via WA antara 30 sd 50jt..","0","2025-12-09T23:17:26Z","2025-12-09T23:17:26Z","2026-09-18T04:38:31.419348+00:00"
"Ugx48j_lP9CA7I2YswB4AaABAg","G_acqAJrRso","d87db3bf7aa32ea5e0b1f02c7ee87b203406b471e65cd71a620e50dad70efac8","Pengen ey tapi g mau credit hahaha","0","2025-11-15T03:36:45Z","2025-11-15T03:36:45Z","2026-09-18T04:38:31.419348+00:00"
"Ugyvp8D4N07JEkgqe7p4AaABAg","G_acqAJrRso","3ba12baa8311270bc8ae5b998e27ccb2f7bd71c57a72bf50ff220697e6ebbc6c","request om untuk jaecoo J7 SHS","0","2026-01-22T02:57:19Z","2026-01-22T02:57:19Z","2026-09-18T04:38:31.419348+00:00"
"Ugx4ORuTQiyOqkMgQix4AaABAg","G_acqAJrRso","49150436de11ac201e109b0265dd9ca9f3ba238a8debdfc523f05542087e85a8","41:18 wtf hahahaha","36","2025-11-15T01:04:33Z","2025-11-15T01:04:33Z","2026-09-18T04:38:31.419348+00:00"
"UgxK9DJGU117rEy9URt4AaABAg","G_acqAJrRso","2705d85a07c39f5c7e46b97a5c22f4f9637f41155fae0f902a977fad542070af","Di menit 1:07 dia ngomong, ""simak di uwurgehe...""😂😂😂","4","2025-11-14T17:39:35Z","2025-11-14T17:39:35Z","2026-09-18T04:38:31.419348+00:00"
"UgyZNDw1AJT4Kji6G0V4AaABAg","G_acqAJrRso","2f0b5627867f074ab82c1c7a501e1aa1db92d40d61dfcdcb274262c14830b64b","6:47 cortez lama, kalau ngga salah pakai rear multi link suspension juga...","0","2025-11-15T03:23:00Z","2025-11-15T03:23:00Z","2026-09-18T04:38:31.419348+00:00"
"UgxkqVdwM4SI27i0mK54AaABAg","G_acqAJrRso","1fe065b204438973d566624a7ba31ba777dbc7c2c5a2ffbc69ade53168785345","Apakah ini termasuk dalam kategori barang elektronik?😂","0","2025-11-17T04:27:24Z","2025-11-17T04:27:24Z","2026-09-18T04:38:31.419348+00:00"
"Ugzmw83hkny0iHdQgm94AaABAg","G_acqAJrRso","d1cb96f72e36d33662a5f493a3ce272296c720cc2a9db5a99429acaf137eece2","Paham Xiaomi n Apple n samsung 10 tahun lalu kan? Nah segmen mobil juga sama bgitu.","0","2026-04-21T14:43:28Z","2026-04-21T14:43:28Z","2026-09-18T04:38:31.419348+00:00"
"Ugyh0z1q1_lkrusQJP94AaABAg","G_acqAJrRso","fac5e47a109a194c009eb400823c223ed014973682b42929f61f9acfdd5b8ea5","memang si Jaeco ini sangat sangat worth it .. tapi karena si jeko ini baru after salesnya bagaimana... sekelas wuling saja yang pabriknya ada di indonesia beli bemper  depan+ headlamp depan sampe inden ..  ini sih yang perlu di kedepankan jangan sampe banyak tipe tapi onderdil makin susah ..","2","2025-11-15T02:50:22Z","2025-11-15T02:50:22Z","2026-09-18T04:38:31.419348+00:00"
"UgyQno8Rn06HxoI1tvN4AaABAg","G_acqAJrRso","4de7294a965242e2910e4941fc1b6330a3b0663914adb47ef10c94247965bd25","Mending beli ini daripada wuling binguo malah lebih mahal","2","2025-11-14T22:55:32Z","2025-11-14T22:55:32Z","2026-09-18T04:38:31.419348+00:00"
"Ugz_bLX7QtIUgLnwH2B4AaABAg","G_acqAJrRso","3c092641817d887625c580500c1b92f08f117df155250a728ff641acd8b8c188","Ga usa bilang harga segitu sudah ga ada 😂","0","2025-11-15T03:36:51Z","2025-11-15T03:36:51Z","2026-09-18T04:38:31.419348+00:00"
"UgwLh-cZswudrZjrAbF4AaABAg","G_acqAJrRso","4edac38167b4380357ef5003e114f987c3bd4765d4b2a1644d632e097b8daeaa","Di negri asal nya kan juga murah  cuma di Konoha aja semua mobil mahal😂","0","2025-11-21T04:48:54Z","2025-11-21T04:48:54Z","2026-09-18T04:38:31.419348+00:00"
"UgxtuoFYKrHwrRmhGJF4AaABAg","G_acqAJrRso","d75c45ecbe1e8947b0f17112e1ef5807952893ca721498ede199c5b9193f4406","1:08 ""sepuluh ...."" apa bang? 😅","0","2025-11-19T06:16:25Z","2025-11-19T06:16:25Z","2026-09-18T04:38:31.419348+00:00"
"Ugylif_j0OvENigHmdt4AaABAg","G_acqAJrRso","4847df11fda2a904c20bd3f29ebe16a243eed1a5d8f106f627f789a328708b13","barusan tadi di jalan kota gw(mks) ada mobil merk haval jir kek hah","0","2025-11-14T15:34:13Z","2025-11-14T15:34:13Z","2026-09-18T04:38:31.419348+00:00"
"UgwC52GtuTGtTGqGmZl4AaABAg","G_acqAJrRso","27829149417fd58aed92adaf7002aa454d9afcffa594b5aabcc47641daf4582e","Luxeed juga","0","2025-11-14T16:08:59Z","2025-11-14T16:08:59Z","2026-09-18T04:38:31.419348+00:00"
"UgwgFcMe-bxg-hTAbVt4AaABAg","G_acqAJrRso","8bf4655516f21b9895885b168057c178e98ccbf9a43736978c4a136460011ec5","👍👍👍","0","2025-12-02T02:45:51Z","2025-12-02T02:45:51Z","2026-09-18T04:38:31.419348+00:00"
"UgyI8ZEux9e49ZJfHZZ4AaABAg","G_acqAJrRso","56c091149cd50ebf017a2b4f7de667b6e33c212b5b9cb4f5450da33c48eb8e67","Sayang bakal capek spooring mulu","0","2025-11-14T15:03:50Z","2025-11-14T15:03:50Z","2026-09-18T04:38:31.419348+00:00"
"Ugz8hUZfmapXcnjdEzl4AaABAg","G_acqAJrRso","e9f9021ba096cfc68dee484bd9347b0d72e70ccccfd1ede1072d74bfc8df1acf","Paling terasa kurangnya
- Minim tombol fisik
- Jok baris ke 2 tegak","2","2025-11-14T14:13:46Z","2025-11-14T14:22:17Z","2026-09-18T04:38:31.419348+00:00"
"UgxZ9A6gOcWAoRiobqt4AaABAg","G_acqAJrRso","004dc8f9ce590a11f227e1466a7014d3c1e0eb3483a63039bd0c17260e976435","1:07 41:17 hahahaa.. 
carmudi bangett iniiih","0","2025-11-17T01:03:09Z","2025-11-17T01:03:09Z","2026-09-18T04:38:31.419348+00:00"
"UgwTV7PvpocKROi3ckd4AaABAg","G_acqAJrRso","e54a1386b26278e5503b4c72ac2baac5220377367f84c73996f4920f6a2192ac","Copyright di deskripsi 2025 kali bro 😅","2","2025-11-15T02:31:27Z","2025-11-15T02:31:27Z","2026-09-18T04:38:31.419348+00:00"
"UgzGcC4eDhAvfvuwqOh4AaABAg","G_acqAJrRso","5746ad383eaa56ec98a776577d72aa9b522f73ec0f3888b8133c179e686f145d","semua mobil terlihat sempit untuk di review 😂","0","2025-11-16T13:02:48Z","2025-11-16T13:02:48Z","2026-09-18T04:38:31.419348+00:00"
"UgzSVd1uLmUf3ajlxb14AaABAg","G_acqAJrRso","27341ae91de62dcc17dffda68ba95b961483b02e65d3fdba80b29cc4463d256d","gempuran MoCin, cherry Group","0","2025-11-14T14:17:50Z","2025-11-14T14:17:50Z","2026-09-18T04:38:31.419348+00:00"
"Ugz6klaxkbv9bFmPtZF4AaABAg","G_acqAJrRso","82ce78f0eab41b43665129aed725ca59d0612b6c435c6238a164c23f0d06591c","Beli sesuai kebutuhan tentunya. Gak usah fomo gaes. Pabrikan akan selalu keluarin mobil ev yg menarik dan membuat lu nyesel karena kurang sabar 😅😅","0","2025-11-15T03:25:34Z","2025-11-15T03:25:34Z","2026-09-18T04:38:31.419348+00:00"
"Ugyu8rYwG2ZhDg0Ye5p4AaABAg","G_acqAJrRso","ac28d3843af2b46dd7a4199543dd3daa6a4e806e4eb75952ce107037af9ee300","Bang review Alvez terbaru","0","2025-11-21T12:04:01Z","2025-11-21T12:04:01Z","2026-09-18T04:38:31.419348+00:00"
"UgxHNwZuHv52XTGy1ht4AaABAg","G_acqAJrRso","2bbdc116143728502d330a28134ac934f5aa4fbe45317e9d49634a9d9549ad17","4:15 stlh sy pake sndri trnyata gk harus pake sabuk dulu kok","0","2026-02-27T21:31:44Z","2026-02-27T21:31:44Z","2026-09-18T04:38:32.144167+00:00"
"UgyjkkP91EWtSVk_7ix4AaABAg","G_acqAJrRso","3ec17b65f3a52e1836facce2562b204835b1d4adeb6cbf55318fd9e8eb289e73","Hello jaeco
Go a head
""wewokdetok""","0","2026-03-27T18:44:57Z","2026-03-27T18:44:57Z","2026-09-18T04:38:32.144167+00:00"
"UgxG2rAO5dPAS4OSnol4AaABAg","G_acqAJrRso","162b94c9eee2ef957999252b0812ef4a1b44798f10b076b0626916c943d9e9f7","Evoque versi hemat","0","2025-11-18T04:42:30Z","2025-11-18T04:42:30Z","2026-09-18T04:38:32.144167+00:00"
"UgwQVwUNmXKIBnwe7ip4AaABAg","G_acqAJrRso","fd3077ed4727f77cc78edb348bbe0d94806016c06ddf117cfd6803dc284ca4a2","kirain 7 seater tadi","0","2025-11-25T05:45:01Z","2025-11-25T05:45:01Z","2026-09-18T04:38:32.144167+00:00"
"UgzlIWFUdMJSrxvNXHR4AaABAg","G_acqAJrRso","e200e80b234d59edc594b5d17e8b74a3048967f098e5f90f916b745023e51747","Bagus spek nya anjirrrrrrr😂","0","2025-11-16T12:48:39Z","2025-11-16T12:48:39Z","2026-09-18T04:38:32.144167+00:00"
"Ugw9Xh7hDcb_jXyL0bB4AaABAg","G_acqAJrRso","b5521663cf89bb636d9d8d03c685346283f8a132c2364346f80c4d040b12fbbc","1 aja yg sy sayang, kursi nya2 baris, hahaha, gak bs buat mobil keluarga, keluarga besar mksdnya, heheheh, tp pgn bgt bro..","0","2025-11-15T22:35:30Z","2025-11-15T22:35:30Z","2026-09-18T04:38:32.144167+00:00"
"UgzPLFJosKn6jzEiX7p4AaABAg","G_acqAJrRso","40f05a3ce1ac0e197661a4d280654387a3c16667a84fb93352bc1b8e29dd2282","sayang atas nya gak bisa di buka, karena suka ngebul di dalam mobil","0","2025-11-17T15:47:00Z","2025-11-17T15:47:00Z","2026-09-18T04:38:32.144167+00:00"
"UgzoWzzHvuejQc2q7dZ4AaABAg","G_acqAJrRso","77c678642b41e31b5d88e5b0f865ba6ea3e94174a30f5e94e3228d1bac699b35","setelah 2 tahun mantau perkembangan EV di indonesia, akhirnya memutuskan untuk ""menyetrum"" diri dengan jaecoo j5 ini.

sebelumnya, sudah test drive;
xpeng G6, geely EX5 max dan starray, MG4ev (di awal2 rilis pas info CKD nya potong harga gede), BYD seallion, dan BYD Atto 1.

akhirnya decide dengan j5.

menurut saya, dari seluruh unit yang saya test drive, urutan yang paling enak;
- starray, J5, dan atto 1.

sisanya? bukan ga enak, tapi saya per tahun total trip hampir 40rb km kombinasi dari palisade 2024 dan bmw f10, berasa mobil2 yang saya test itu terlalu empuk & ada kesan melayang, seperti naik perahu. malah di EX5 berasa agak mual saat test drive di PIK 2 saat event mandiri fest. 

sudah sempat SPK geely EX5, akhirnya saya cancel dan jadinya ambil J5 pasca pengumumannya.

sudah test drive juga, driving feedbacknya menurut saya salah satu yang cukup ""dekat"" dengan pengalaman berkendara ICE, terasa ""napak"".","15","2025-11-14T14:26:06Z","2025-11-14T14:26:06Z","2026-09-18T04:38:32.144167+00:00"
"Ugzw1cMlYnraSw_mLDR4AaABAg","G_acqAJrRso","5f0a1b57cb9804107794da82b7b56d218b48609240af3dd453137b4d0f20e1b9","Bahasa penjualan memang dibawah 300juta, padahal hny kurang 100rb.. 😅 pembulatan sekarang memang menipu.. yg benar kalau diatas 5 , 6 up sudah disebut 10.. kalau dibawah 5, 4 kebawah pembulatan kebawah. Tapi memang keren mobilnya. Bismillah buat semua yg liat video ini, bisa membeli mobil ini, aamiin 🤲🏼","2","2025-11-15T09:34:45Z","2025-11-15T09:35:35Z","2026-09-18T04:38:32.144167+00:00"
"UgyJCMKWccxz96XZiwx4AaABAg","G_acqAJrRso","87fd7ec6b5553ee41b88907fe6081e985c705f8d38f58de4609cecc41079e5ac","September beli creta n line, november spk j5 di gjaw. Alhamdulillah bisa deliver di bulan feb kemarin dapet cabang dan sales amanah. Jujur J5 ini 299 juta dapetin fitur selengkap ini, ga kalah saam creta yang saya beli sebelumnya. Cuma emang secara sound system, kekedapan dan feel berkendara masih kalah banget sama creta. Tapi 299 juta buat J5? GILA SIH!","1","2026-03-02T08:42:21Z","2026-03-02T08:42:21Z","2026-09-18T04:38:32.144167+00:00"
"Ugy4GtNnswD83RgxIhl4AaABAg","G_acqAJrRso","60a249d5cd527a1bec078b5a2cc32d961b054b9113e54b00905dd6ef7c90de64","Ga ada yg versi rwd ya om ?","0","2025-12-01T09:47:30Z","2025-12-01T09:47:30Z","2026-09-18T04:38:32.144167+00:00"
"UgxGMqFsrBD1fUGNNfR4AaABAg","G_acqAJrRso","613182bd1ed1973682651699e49daa7146b9e3d800ae3658bf9e12e319a89769",",❤️","0","2025-11-14T23:35:01Z","2025-11-14T23:35:01Z","2026-09-18T04:38:32.144167+00:00"
"Ugzs_f0fBOSGVAJeUYB4AaABAg","G_acqAJrRso","7f0e30223ab857b5f57a2c2bc919eba7a3f21d7b13432de9747589b5046bf324","Warna putih + dibuat dual tone hitam piano black. Yuklah balik kerja lagi. Inshallah 5 tahun lagi kebeli.","0","2025-11-15T02:28:14Z","2025-11-15T02:28:14Z","2026-09-18T04:38:32.144167+00:00"
"Ugy5sm3p8h08ukY0djl4AaABAg","G_acqAJrRso","66313f0580ee57cb73034cc92c96c074b28c78c38f6c6ad384133314476e43a7","Nungguin J5 EV varian tiga baris 7 seater, aja.. kabarnya tahun depan","0","2025-11-29T09:23:10Z","2025-11-29T09:23:10Z","2026-09-18T04:38:32.144167+00:00"
"UgzC5V1HQZMvioBZZGJ4AaABAg","G_acqAJrRso","9188c57dbacd3ccbc2f708c7264dd8d4873822365a069948f6a5ce1e9ded5fc9","wah pengen spk","0","2025-11-15T14:47:50Z","2025-11-15T14:47:50Z","2026-09-18T04:38:32.144167+00:00"
"UgzqcKqaY9tqmCp7WmR4AaABAg","G_acqAJrRso","aaabe2fce66df4890a3fca80ec594aa0a4871cdb21588a08a4fd5c820d2275a8","Bang ""YA"" nya ngegas banget bikin kaget","0","2026-07-18T19:39:09Z","2026-07-18T19:39:09Z","2026-09-18T04:38:32.144167+00:00"
"UgxTW_sWbfqJF7Ptt0V4AaABAg","G_acqAJrRso","2ed2d8db9cd765514a7d7c644ddd649bcffcf5ec40a1304d9edc5ea77ca6782a","Jadi drpd aion ut dan geely ex2, apa ini aja?","0","2025-11-14T17:08:57Z","2025-11-14T17:08:57Z","2026-09-18T04:38:32.144167+00:00"
"UgwpzV7xUVmMU4z4P954AaABAg","G_acqAJrRso","f0e12ab3e513a562e5f3afd6f01d025ae41d3d5e31cc9935852ac0aea9c14f26","Fyi biaya produksi mobil ev lebih murah dibanding mesin bbm. Knp mahal krn mereka jual teknologi. Mobil ev nnti nya bakal lebih murah harganya dibanding mobil bbm","1","2025-11-14T23:14:42Z","2025-11-14T23:14:42Z","2026-09-18T04:38:32.144167+00:00"
"Ugw95AUs4I1HpAdc1CB4AaABAg","G_acqAJrRso","58c06463ef80c8a6665dcaabb52be431d844de55235b24ab4ed806f320421ffd","Jika berbayar, berapa harga IOV selanjutnya?","0","2025-11-26T01:49:24Z","2025-11-26T01:49:24Z","2026-09-18T04:38:32.144167+00:00"
"UgwWl7EMc8A-kXcwlUJ4AaABAg","G_acqAJrRso","75146297815cd8b4ec062a328e9c05d8c4d7ad0c396428d03ae15909e9fe7b88","Hanya untuk 1000 pembeli pertama,setelah itu kira2 brpa harga nya ya?","0","2025-11-18T13:31:29Z","2025-11-18T13:31:29Z","2026-09-18T04:38:32.144167+00:00"
"UgyvqOOLVG4WkOBCnAp4AaABAg","G_acqAJrRso","dbf8fdff04717f1b4d4c39cd11bcb80c35fbdafeeb147cecfb39a393088edcd3","Jangan hitung harga jual dengan segitu bekas pake 10th puas walau bekasnya jadi rongsok😂, menurut hitungan pake bisnis","0","2025-11-15T15:42:10Z","2025-11-15T15:42:10Z","2026-09-18T04:38:32.144167+00:00"
"UgyOhIAaq7hX_n6PQL14AaABAg","G_acqAJrRso","9795b4286fff93e08f0276f0e20ff0d6e89094f94c4357e509295cdb0963aac1","Terakhirnya bg….. 😂","0","2026-05-10T16:27:32Z","2026-05-10T16:27:32Z","2026-09-18T04:38:32.144167+00:00"
"UgzjQqIuzHp9I8AH1Ih4AaABAg","G_acqAJrRso","da5759d6c7e3d6efee83a8cfefb8c059475df8c392986688abf24ef1622ebfcb","Compared sama Veloz yg harganya sama, gimana kenyamanan nya ya? Soalnya Veloz bantingan nya kurang oke dan agak berasa LGCC gitu.","0","2025-11-14T21:30:00Z","2025-11-14T21:30:00Z","2026-09-18T04:38:32.144167+00:00"
"Ugy_gsbDMSX32iPt6Ql4AaABAg","G_acqAJrRso","a5d73c4c2dff87ab6c04847b3311a9e313d0171af0fad100575e2255dfe9071a","Sekilas saya pikir ranger rover 😅","0","2025-11-21T07:21:13Z","2025-11-21T07:21:13Z","2026-09-18T04:38:32.144167+00:00"
"Ugy5Buo2nYRBA1n-QPt4AaABAg","G_acqAJrRso","33bffadc7ffd80813122fa460d5fc20a9296afe62436bc22950230c0cc7b2eb3","depan gk ada foglampnya ya?","0","2025-11-17T10:23:26Z","2025-11-17T10:23:26Z","2026-09-18T04:38:32.144167+00:00"
"Ugyv9zFMFxzx3aYqwMF4AaABAg","G_acqAJrRso","633104827ddb81d56792c0fce3b552c40ed902cdc5e0d3ec46e9794db026fff8","Fiturnya gacor semua, pingin tapi ngeri sedap juga sih kalo layarnya mati, ga bisa ngapa2in 😆","0","2025-11-14T18:53:29Z","2025-11-14T18:53:29Z","2026-09-18T04:38:32.144167+00:00"
"UgzG3B1lVtAHI4c4QG54AaABAg","G_acqAJrRso","53b7745e8350d292577e98514daa127a112949ab6d3b6ec39313d071bcb11c0c","Udah tes drive.....😂😂....mau omong gimana lagi bingung ....saya ada hrv ama destinator.......dan percaya deh dua2 nya gak menang dibanding si J5 ini😅😅😅.......spk nya antriannya ngeri bener😅😅😅","5","2025-11-14T15:57:19Z","2025-11-14T15:58:04Z","2026-09-18T04:38:32.144167+00:00"
"Ugxi1POr5aEdSUJ8m714AaABAg","G_acqAJrRso","79629380106f4cf9927155b02c28629c180028ab85e11ba4668978d5eb6f0bb2","Info dr sales sebelah...1000 unit sdh ludes des dessss.. setelah itu harga kembali ke 400jutaan.. bener gak ya?","0","2025-11-14T18:35:03Z","2025-11-14T18:35:03Z","2026-09-18T04:38:32.144167+00:00"
"Ugw2bZu0pyKXL2DOytV4AaABAg","G_acqAJrRso","8580dc9e0d0229783fe1d5fd12616dad139d49ef64c12cab8192a9917fc66189","mobil ini ngecharge di rumah bisa ga ya ?","0","2026-04-09T03:04:47Z","2026-04-09T03:04:47Z","2026-09-18T04:38:32.144167+00:00"
"UgzSv4qvKzH6anrOfrV4AaABAg","G_acqAJrRso","462bfe4a281cb727683df764dedf1fbda011398a191901579133da32581c1961","07:17 ???
Range Rover ketawa cekikikan di singgasana tangga pegunungan Tianmen😂","0","2025-11-15T05:15:42Z","2025-11-15T05:15:42Z","2026-09-18T04:38:32.144167+00:00"
"Ugx0P0EeHrKToMl2tF94AaABAg","G_acqAJrRso","04ed500cd3cfbab30d24ad38d8d0176c993e03747ef304006e181d9ea48c2e48","Desain belakang copy banget RR, desain depan agak aneh krn polos…","0","2026-04-27T05:58:28Z","2026-04-27T05:58:28Z","2026-09-18T04:38:32.144167+00:00"
"Ugy6Jhk5xEi8pdjdU5F4AaABAg","G_acqAJrRso","c6f1c9e4646b6bb28e3010b51548173c53a019a5eb61fcbb05b7b484892a8e6b","skiplah RWD lebih asyik","0","2025-11-14T17:56:43Z","2025-11-14T17:56:43Z","2026-09-18T04:38:32.144167+00:00"
"Ugyk9IAxH-FoYEryUpx4AaABAg","G_acqAJrRso","1f8b1907910490a70edfaa19afef731ce33b60190a5c24f0f6aac15771a37a35","41:22 😭😭😭","0","2025-11-15T12:37:16Z","2025-11-15T12:37:16Z","2026-09-18T04:38:32.144167+00:00"
"Ugyk6XONUS3SrXXmNHR4AaABAg","G_acqAJrRso","59cafde1c7683a3c1cb0f6f0422b2b0b50f2780327cb606ca2fffd52c77052d6","Numpang tanya jaeco ini service dealernya sama2 dengan chery ???","0","2025-11-14T13:07:03Z","2025-11-14T13:07:03Z","2026-09-18T04:38:32.144167+00:00"
"UgxMpygyUOXtSIO83Ip4AaABAg","G_acqAJrRso","f9f0cb1e334ae9cdc1b447dad09c6c49b0e824ebaae6ad3bf84230303f94f73a","Ending yang membagongkan 41:20 😅","0","2026-01-31T08:26:58Z","2026-01-31T08:28:07Z","2026-09-18T04:38:32.144167+00:00"
"UgzA2tH-OBh_19jIR9d4AaABAg","G_acqAJrRso","c459579bd27aa6c264ff04e6311952bdfe5e7f9016b33d7f3f9f3a62a0bd973e","ngomong apa sih bang 41:21 😂😂😂","0","2025-11-16T08:42:18Z","2025-11-16T08:42:18Z","2026-09-18T04:38:32.144167+00:00"
"UgwT97YYiQoIPEvlsgB4AaABAg","G_acqAJrRso","d8eab4f94e46ce16120b485e7aa2a56860f2060bbdf580e5c5ddc1415b39dec3","Ga pengin beli krna ga ada duitnya","0","2025-11-14T23:38:44Z","2025-11-14T23:38:44Z","2026-09-18T04:38:32.144167+00:00"
"UgzaKjeYG1c7n7pgpad4AaABAg","G_acqAJrRso","8173205f386305bc4de231f4c4c2fecc09ff229add651f166ade38bc78677a2f","Teman² mau nanya dong, dari hrv se 2024 ganti ini cocok gak ?","0","2025-11-14T12:42:31Z","2025-11-14T12:42:31Z","2026-09-18T04:38:32.144167+00:00"
"UgzQLQZQsRtFxY4W38t4AaABAg","G_acqAJrRso","3e525337b79a356a173b3d39b88b2bc2f7b7febcfcf2499b263fadd57f9fe48e","sama BRIO RS VTEC kencang mana?","0","2025-11-14T12:59:51Z","2025-11-14T12:59:51Z","2026-09-18T04:38:32.144167+00:00"
"UgzKna37dx2g3AdoA594AaABAg","G_acqAJrRso","ed3a79da1fbead0fae4f585b93c75899c9befd02c83300c6e0b821d1855ab0c2","Mw brionya rz rx ry apaja alpabet masukin serinya, ttp jco donat 😂","0","2026-09-14T05:04:05Z","2026-09-14T05:04:05Z","2026-09-18T04:38:32.144167+00:00"
"Ugyr1L-nNZN5byQYS-h4AaABAg","G_acqAJrRso","c2523b052088d6fed96ce9b6e34476ddb850abbeeb4b08822f215e9647ee8939","Klo kena banjir aman ndak, krn posisi baterai di bawah?","1","2025-11-15T23:22:10Z","2025-11-15T23:22:10Z","2026-09-18T04:38:32.144167+00:00"
"UgyyV8hYYRQueBA-1xl4AaABAg","G_acqAJrRso","46f6fbef81276c178848dc4116e5a799cedf6f60129c1f9a87b0c4e47a2b408a","Yakin hrga murah kualitasnya bagus?","0","2025-11-15T00:23:59Z","2025-11-15T00:23:59Z","2026-09-18T04:38:32.144167+00:00"
"UgxgkIsfW40YnsxGN1t4AaABAg","G_acqAJrRso","06162131bbe33b601f27c38e4c35753140a1c98983db8bd5b743de045a90f682","Apa Chery bikin pabrik di sini, spt BYD, guys ?
Kalau spk skrg apa msh dpt hrga ini ?*pls marketer j5 comment ya","0","2025-11-15T04:08:32Z","2025-11-15T04:08:32Z","2026-09-18T04:38:32.144167+00:00"
"UgzArVnnX0kaS-cPXKB4AaABAg","G_acqAJrRso","b022d73051ea517ae1625b912e0d5729e01833c02556dff796da01da2884bb73","Harga baterainya J5 berapa ya?
Ada yg tau","0","2025-11-24T16:47:01Z","2025-11-24T16:47:01Z","2026-09-18T04:38:32.144167+00:00"
"Ugyb4GbwnCaf115h21h4AaABAg","G_acqAJrRso","4d52f1b82705eea1a689f19deeb9b95d7ab46adf98aa9ca095963f5fc2b4bee4","tuas sein kiri kanan di sisi kiri setir. utk pengendara yg biasa bawa mobil jepang, terbiasa tuas sein di kanan, malah jd mengaktifkan transmisi P/R/D.... bahaya","0","2025-11-20T02:44:56Z","2025-11-20T02:44:56Z","2026-09-18T04:38:32.144167+00:00"
"Ugzdc4ZVYtGG2ZyhWmt4AaABAg","G_acqAJrRso","2cb065b4b36b10a647c5a1148b58fde60757f7c494fa45a8f3f5bd5b4b066421","Semua fitur dan fungsi penting malah ditaruh ke layar. Tambah ribet😂 7:34","0","2025-12-02T05:25:40Z","2025-12-02T05:25:40Z","2026-09-18T04:38:32.144167+00:00"
"Ugz8WUEsPqRbLi4hMdJ4AaABAg","G_acqAJrRso","0b887def21501441c4a5c4c4483f35abcc6269255287d0e3230b3cdd5a59d2b7","selama itu mobil listrik..no wayyy..skip..","0","2025-11-22T13:47:14Z","2025-11-22T13:47:14Z","2026-09-18T04:38:32.144167+00:00"
"UgwzHa6BvzNdera-fpl4AaABAg","G_acqAJrRso","3b069db839149ecd0633912bc1eeebb5b94e3ee06c391b5a5afd9be0699872c6","Hahaha diakhir gak jelas ngomong apa sampe mau batuk lagi 😂","0","2025-11-15T01:58:24Z","2025-11-15T01:58:24Z","2026-09-18T04:38:32.144167+00:00"
"UgyF74sWF3SX6WZOnId4AaABAg","G_acqAJrRso","6c3457d425e8c79f9966e22021c3965e29cedc00ecfeae2513db6b38902dc3de","Speedometer kaya motor listrik 😂","0","2025-11-15T14:56:12Z","2025-11-15T14:56:12Z","2026-09-18T04:38:32.144167+00:00"
"UgyhPKkU6x9Uu_IKlO14AaABAg","G_acqAJrRso","2be3d9309d97e69f33cf5b1117535d14f9054552e2073d9780e82c17353054a3","Kalau mobil listrik sudah berani main di angka 300 jutaan, rasanya pembeli mobil Hybrid sekelas Suzuki Fronx, Daihatsu Rocky eSmart Hybrid, Chery Tiggo Cross Hybrid menyesal beli mobil hybrid, termasuk saya yang punya Suzuki Fronx SGX Hybrid","9","2025-11-14T12:01:38Z","2025-11-14T12:01:38Z","2026-09-18T04:38:32.144167+00:00"
"Ugy-pHKVMESol2UPJVN4AaABAg","G_acqAJrRso","57fb6925dbf57dd2532a0a914511b816f4ce79a944af5722baca3be8e1ce7e37","RANGE ROVER VOGUE","0","2025-12-01T18:12:34Z","2025-12-01T18:12:34Z","2026-09-18T04:38:32.144167+00:00"
"Ugx_Tb6POezbqT0fmlR4AaABAg","G_acqAJrRso","13726c32b492a6bfaeda66d43ff8b51305cdebb84865537a35d5f1e2a1a8d4ed","Plat nomor buat kurang ganteng
Apakah pihak polri bisa membuat solusi agar merubah ukuran","0","2025-11-15T09:55:50Z","2025-11-15T09:55:50Z","2026-09-18T04:38:32.144167+00:00"
"UgwlU7hWeyv5dUbdcOd4AaABAg","G_acqAJrRso","a081f4ae1a1e65838956a84888dee0a8a7ba33b75c21b2a3a952c01d58cccb13","di closing ngomong apa sih wkwkw","0","2025-11-14T15:07:56Z","2025-11-14T15:07:56Z","2026-09-18T04:38:32.144167+00:00"
"UgxG1v0EI8KcljbbU614AaABAg","G_acqAJrRso","75418d3ca11111495895599e6375ad69c1e7c6fc6eebfbc22d66cbf2969cff64","Awal bulan dtg nihhh LG cari2 home charger yg bagus, krn charger jaecoo hrg nya mahal 15jt an 😅","0","2025-11-16T06:40:12Z","2025-11-16T06:40:12Z","2026-09-18T04:38:32.144167+00:00"
"UgxdlyVZ3gnM3mm7ggV4AaABAg","G_acqAJrRso","c790814d6b01d907b64bba926c4a6ac95269bde3f6508c2f076aa94884580acd","karena brio kan mobil ani ani........... koko koko yg beliin   makanya mahal","0","2025-11-28T07:49:06Z","2025-11-28T07:49:06Z","2026-09-18T04:38:32.144167+00:00"
"UgxYoaDwCDKN5xYeH014AaABAg","G_acqAJrRso","cf691c12ab69e6a36341733b93650dc015a6e3fdfb43e83d327ab5a7bdec4d84","tetep pilih brio karna saya ga suka mobil gede","0","2026-02-12T13:35:24Z","2026-02-12T13:35:24Z","2026-09-18T04:38:32.144167+00:00"
"Ugyap-8LdFD0ItQFU6F4AaABAg","G_acqAJrRso","3f4ba08626f62a4d20f9299dcf9ecb535cbcf3fc853fd565c2784b5628cbf2e2","Knp ev dari KIA, BMW, Hyundai lebih mahal dibanding Chery/Jeeco, BYD??","0","2025-11-14T14:33:50Z","2025-11-14T14:33:50Z","2026-09-18T04:38:32.144167+00:00"
"UgxWZ__OSlD5Q9GYyT14AaABAg","G_acqAJrRso","c10fe26ae5e61bb14a58efd6c7dedcec4f625fb8d6db67df90228b278f490eef","Yg kalian tidak sadar, baterainya LFP tapi bukan blade battery. Jadi tidak tahan tusukan. Blade battery byd masih yg terbaik saat ini untuk keamanan baterai","0","2025-11-14T17:33:57Z","2025-11-14T17:33:57Z","2026-09-18T04:38:32.144167+00:00"
"Ugy7uCNc1DvBL6-1AlR4AaABAg","G_acqAJrRso","66c7a1b89fa54ada05b318503898e5d5499be275a518ed9f1bbfdf324a1c5ad5","Galau mau beli sealion 7 atau jaeco j5..
Yg satu murah, sangat worth it..
Yang satu keren, bentuk sempurna utk sekarang, tapi liat j5 jangan² abis beli turun 200 juta 😢","0","2025-11-14T14:42:44Z","2025-11-14T14:42:44Z","2026-09-18T04:38:32.144167+00:00"
"UgzTM8OthcaBs5I6evZ4AaABAg","G_acqAJrRso","f4ee444658acf6d296ce99fd9e4c14d7c8b6229199f646de7fa41b7e2bfc4673","di cina klw ngga salah udah ada versi hybrid, fix klw masuk di Indo harganya ngga ngotak lagi hahaha... fix bakalan sakit kepala kompetitor","1","2025-11-15T00:23:44Z","2025-11-15T00:23:44Z","2026-09-18T04:38:32.144167+00:00"
"UgxiJ0HgQNpgUSGhDhl4AaABAg","G_acqAJrRso","9c3eea450c7be03655a0519a7911b91a97dc6713f75f8bb464c3c4550f9f67b5","kita lihat seberapa awet…","0","2025-11-15T12:59:33Z","2025-11-15T12:59:33Z","2026-09-18T04:38:32.144167+00:00"
"UgwNV5TZmUyR_DVkqGV4AaABAg","G_acqAJrRso","b1da661479a5b175e1fe72bcb86be1ad1a0a5e51104fdfb1fde8394300098a59","nah kan 1000 pembeli pertama saja. Habis itu balik 400jt?","0","2025-11-14T13:56:57Z","2025-11-14T13:56:57Z","2026-09-18T04:38:32.144167+00:00"
"UgzU4TwAVir8cqvMKbh4AaABAg","G_acqAJrRso","c3f1e95a8471fe429804129c798cf5bffbb106dd7ee925cecaa42368598f7b41","Satu doang yang agak minus dari exteriornya mobil ini. Entah knp jadi cungkring looksnya krn gak ada plastic clading hitam melingkar di fender ban. Warna item sih agak ketolong, tp klo warna terang keliatan kurang pas, ada yg kurang. Coba deh jaeco revisi bagian itu, pasti lebih padet enak diliat kaki2nya.","5","2025-11-14T15:36:58Z","2025-11-14T15:36:58Z","2026-09-18T04:38:32.144167+00:00"
"UgxYUm_CbkmudLewwdF4AaABAg","G_acqAJrRso","b3edaad28557094b830f172679d031b933541f9eb153591c924f06a74dc099f2","kita lihat 7 tahun kedepan, depresiasi berapa persen dan harga batrenya kira kira berapa ratus juga 😂","0","2025-11-15T03:33:15Z","2025-11-15T03:33:15Z","2026-09-18T04:38:32.144167+00:00"
"UgyX9xk_F342T7B1c8R4AaABAg","G_acqAJrRso","e9a7dd74a0d4c0ccf3023ab823a805236edaa6b69112d4a658dfdfd127350835","Apakag jeco bisa menggeser pasaran avansa dan brio mengigat harga jeco mirip dan ngak beda jauh, kalo jeco biso berdiri sejajr degan avansa dan brio dlm penjualan wah hebat aku malah suka nanti dibursa pasar mobkas ada mobil cina dlm populasi banyak dan banyak pilihan buat konsumen","0","2026-05-05T22:05:10Z","2026-05-05T22:05:10Z","2026-09-18T04:38:32.144167+00:00"
"UgyFyNTcCWWA25KyqnN4AaABAg","G_acqAJrRso","f25aefa17bd98c34d2df9ea6b0d251b2f34ccca801a3df63c74c58961b1495bf","Kalo dipake 5thn sih murah ini, kalo di pake 1-2thn hilang 50% harga nya","0","2025-11-15T00:51:46Z","2025-11-15T00:51:46Z","2026-09-18T04:38:32.144167+00:00"
"UgyKd3ZK0oqjdXkEJjB4AaABAg","G_acqAJrRso","a562ad6a5ce55f80749ea96f19a8a739dec9e4a43e364d28751b87336f993f51","coba kalau ga indent 😢
uda terlanjur tunggu UT","0","2025-11-14T11:57:10Z","2025-11-14T11:57:10Z","2026-09-18T04:38:32.144167+00:00"
"UgznrfUy5IRX7NEiOTp4AaABAg","G_acqAJrRso","4df75ad5a61a7db22216ff36c2b1b7d4717165d984c7c4935ed5b64a21ebbeec","Chery: brand baru ini diposisikan lebih premium dari Chery
(Lanjut meluncurkan produk yang harganya lebih murah dari produk2 Chery)

Mobil 300jt ini bahkan bisa mempermalukan produk terbaru Chery yaitu J6T soal range, kap mesin dengan hidrolik, dan frunk. Padahal sudah pasti J6T itu jauh lebih mahal dari J5 ini...iya kan Chery???","0","2025-11-15T21:44:04Z","2025-11-15T21:44:04Z","2026-09-18T04:38:32.144167+00:00"
"Ugzl8yfKhL1BzVAqtrd4AaABAg","G_acqAJrRso","86b95f0835448ec9fa44955e065b389eab4c40c435d01da01864cb46a1307523","Harga mobil nya saja 250jtn berarti harga batre nya ga sampe 100jt kalau ganti","0","2025-11-14T15:09:16Z","2025-11-14T15:09:16Z","2026-09-18T04:38:32.144167+00:00"
"Ugw63VHAefy9vuJwYd94AaABAg","G_acqAJrRso","72465e3fc22fda46ff060968e983f09c5e0f43e3fb54596e2175bae234700955","Destinator kapan review lengkapnya om","0","2025-11-14T18:13:06Z","2025-11-14T18:13:06Z","2026-09-18T04:38:32.144167+00:00"
"UgwDUB8u4l-joXcpQOB4AaABAg","G_acqAJrRso","dd3dbf8272d4fc4a373697be768ab84ae4b14f6fb7629d8070ded49540a749e2","Dari antusiasnya pembeli mobil ev ini sepertinya harga 300jt adalah titik tengah daya beli masyarakat mobil ev/hybrid di indonesia, dan terbukti dimasuki juga oleh veloz hybrid di harga ini","1","2025-11-26T13:42:26Z","2025-11-26T13:42:26Z","2026-09-18T04:38:32.144167+00:00"
"UgwOYG6RnveKjOlcS254AaABAg","G_acqAJrRso","ef2ed30618de3b95c4ccf6c6e7fd7446bed131b3b45a1e5640a5a227bb659aea","Tapi kami dipelosok pengen tp blm ada tempat nge cas","0","2025-11-14T15:52:26Z","2025-11-14T15:52:26Z","2026-09-18T04:38:32.144167+00:00"
"UgzZ8s8-DXDxn9xCukV4AaABAg","G_acqAJrRso","dbdec6f2f56f74afa20516890223cc48e34d25ae001576587ea45507c628e5dd","buset kita ditipu ama jepang berabad2. 

j5 standart mah nambah  50jt dr Atto1 uda dpt performa atto3.  gileee yg ga mau cancel atto 1 dan ambil j5 stdrt","1","2025-11-15T09:23:50Z","2025-11-15T09:27:42Z","2026-09-18T04:38:32.144167+00:00"
"UgygzMuALMzSmDAv2ht4AaABAg","G_acqAJrRso","3be0f3ed097158a1dbb20ac4be4507c0da964b3914bcebb93e0b2e433e4bff49","Lebih tepatnya, mengapa konsumen mau saja beli mobil harga overprice? Saya pengguna motor masih mengelus dada kapan bisa kebeli mobil","0","2025-11-14T13:16:59Z","2025-11-14T13:16:59Z","2026-09-18T04:38:32.144167+00:00"
"UgwTAMZJ_arv3u1EOSR4AaABAg","G_acqAJrRso","e068563ab5a7f2bd2628b1ce6a6900c49ec5d63fd014652b9ac84b1f85b4ed71","Veloz hybrid 😢","0","2025-11-18T17:43:09Z","2025-11-18T17:43:09Z","2026-09-18T04:38:32.144167+00:00"
"Ugy7bPDizuvb98NqfeZ4AaABAg","G_acqAJrRso","0a1b38ab89b5fecac8d4685ad2bc74e3a6541333cdc6a725daef7f845ca168cb","Ngomong apa diakhir, kek sengaja wkwk","0","2025-11-16T16:52:44Z","2025-11-16T16:52:44Z","2026-09-18T04:38:32.144167+00:00"
"UgyGoft_hgIEV4zsJo94AaABAg","G_acqAJrRso","9231417e0a21ef8d4af8d80be51d32bc174f1a2dea5fe9d709039f0895e196b1","Murah bagi yg punyu duit bayak
Bagi kita rakyat jelata hanya bisa menonton 
Bersyukur lah yg mampu beli","1","2025-11-16T13:19:29Z","2025-11-16T13:19:29Z","2026-09-18T04:38:32.144167+00:00"
"UgwSUS0aN_CTkfXmLqt4AaABAg","G_acqAJrRso","abf4f64c3aa2bb2e317be83f748d03d76cba4184c3412137874084655a84fb25","ngomongnya kecepatan, susah buat dicernanya, pelan pelan donk.","0","2026-01-28T07:37:44Z","2026-01-28T07:37:44Z","2026-09-18T04:38:32.144167+00:00"
"UgyF78fijHImpeDV0gF4AaABAg","G_acqAJrRso","92d42c8afa6e7dc9dc5613cf338464b6de1e29d3fba81d4834b8261b304a9631","heran napa ev malah pada make fwd.","0","2025-11-15T14:20:34Z","2025-11-15T14:20:34Z","2026-09-18T04:38:32.144167+00:00"
"UgydCtDymvE1rl16fJx4AaABAg","G_acqAJrRso","1aca47e2d60a8542e1036aeaba3d7be8c0f1d3cdc9788c298460bea388c3d806","200 ya","0","2026-08-13T09:13:42Z","2026-08-13T09:13:42Z","2026-09-18T04:38:32.144167+00:00"
"UgwWy_LzX9mvEgpwvdJ4AaABAg","G_acqAJrRso","4d9a2355f956a41d419cd78db13a05ab4442518dd98707aab6a22e2fe593fbfa","1.08 ngomong apaan bang","0","2025-11-14T23:15:21Z","2025-11-14T23:15:21Z","2026-09-18T04:38:32.144167+00:00"
"UgzZc6WS9f-XvKbYda14AaABAg","G_acqAJrRso","a2e11353026453726b029bb67cb1002e3f74def996509a7c2deb330416060889","jirrrrr lah.....jd FOMO dah gw 😂","0","2025-11-17T11:34:48Z","2025-11-17T11:34:48Z","2026-09-18T04:38:32.144167+00:00"
"UgzcXxpTlw1mtffbYTp4AaABAg","G_acqAJrRso","d6f3bf51e3db06cff73fbe57adb000b5db4aa1471ccd0f1667df13265a1cd5a6","ini mobil china kok mirip desain nya sama mobil dari land rover 🤔
apa niru lagi?","0","2025-12-07T11:40:49Z","2025-12-07T11:40:49Z","2026-09-18T04:38:32.144167+00:00"
"Ugy-lV_Nf5dzvXMncPB4AaABAg","G_acqAJrRso","77948a7de1a5252708c688efbcc6020b11f94328c9c942b41dde5d7abd46c002","Kursi belakang....gak banget dah. Murah tapi gak nyaman. Tegak banget dan kaki ngga tersangga. Bakal pegel","0","2026-02-01T15:58:14Z","2026-02-01T15:58:14Z","2026-09-18T04:38:32.144167+00:00"
"UgwnBh67nhahr8V9q1J4AaABAg","G_acqAJrRso","9f962123955a3ac8f1aed5805d55e2afc02d639dd20d9ebcad6f7bc36c58266a","LCGC amburadul e 😂","3","2025-11-15T22:45:19Z","2025-11-15T22:45:19Z","2026-09-18T04:38:32.144167+00:00"
"UgzFgfxRpQ1QWp9goJF4AaABAg","G_acqAJrRso","cd89ee393d4c9757c385920fa8be1dc6c19446e2b7f5f873d4facdb01a873046","Dinegaranya sendiri aja tidak di jual.","0","2025-11-14T16:24:06Z","2025-11-14T16:24:06Z","2026-09-18T04:38:32.144167+00:00"
"UgzsTUjYwohFH6-wIeN4AaABAg","G_acqAJrRso","216edfa7be656e9654ebe53793da644c0717b7cf7d2c9b8a7165b2c6bc7a53b1","range rover njir","0","2025-11-15T02:40:13Z","2025-11-15T02:40:13Z","2026-09-18T04:38:32.144167+00:00"
"UgwXyboACmFknefw01R4AaABAg","G_acqAJrRso","b747b26b5759cdc2344cd5b50525bf2afeba3175f2660dbce1179741b1739d9c","owner atto 1 lg menangis di pojokan","0","2025-11-15T00:45:17Z","2025-11-15T00:45:17Z","2026-09-18T04:38:32.144167+00:00"
"UgxvsV5f9Q4EhVQFO-94AaABAg","G_acqAJrRso","99ee6b7ea7e5719f8f43d2d5e410d4e1775127a86ffe6b99c5feaceaaa9add44","Tampilan dashboard jaecoo j5 bgn depan kaku, tdk stylish dan aerodinamis.","0","2025-12-21T10:03:58Z","2025-12-21T10:03:58Z","2026-09-18T04:38:32.144167+00:00"
"UgyRqW_W76LGG9x9hsh4AaABAg","G_acqAJrRso","57fb6925dbf57dd2532a0a914511b816f4ce79a944af5722baca3be8e1ce7e37","krok. Jepang","0","2026-04-26T04:20:37Z","2026-04-26T04:20:37Z","2026-09-18T04:38:32.144167+00:00"
"UgyXPdDfC_jX5pklR5F4AaABAg","G_acqAJrRso","baf67834a4dfde3a28318b516c1e328215129b280a12b17e7c935b5c3eb85d8a","J6 nya d ambil Chery 😂","0","2025-11-14T12:29:09Z","2025-11-14T12:29:09Z","2026-09-18T04:38:32.144167+00:00"
"Ugy9IHq3IpqDzs7522p4AaABAg","G_acqAJrRso","054bf401ddd6ee978ee0d91ec6bffbd3d3d299a3bfd9e0bf52066c737af654d1","gue : halo HRV .. open sun shide .. HRV : bukaen dewe jon ..!!! wegah aku ..!!    gue : mobil koplak .. regomu loh ga masuk akal 🤣🤣🤣","1","2025-11-15T04:30:53Z","2025-11-15T04:30:53Z","2026-09-18T04:38:32.144167+00:00"
"UgzKI9RbmJqOfvrgvPh4AaABAg","G_acqAJrRso","b97e850661deefd2380980b6bd014b2e37068000122a46773aa5b83a026a9155","Jadi inget jaman mocin banyak masuk di indonesia tahun 2000an. Sekarang hilang semua mocin. 😄😊😂😂","0","2025-11-14T23:05:50Z","2025-11-14T23:05:50Z","2026-09-18T04:38:32.144167+00:00"
"Ugy5KvV_QMfAu0Ylrml4AaABAg","G_acqAJrRso","92f95be3ba3fba8ed06e242b890b8a28919acceb4afdd59f23e2d60ea6550246","bahanya kaya krupuk..maaf guys,,tetap ya ada harga ada kualitas..","0","2025-11-15T11:16:49Z","2025-11-15T11:16:49Z","2026-09-18T04:38:32.144167+00:00"
"UgyIii1Y4PN04WhH1bR4AaABAg","G_acqAJrRso","494486585b7fc9e7b8e65371549279151cc0e4fcddba2614d3000fa37badf16d","41:22 adayg tau dia ngomong apaan???","2","2025-11-14T13:30:53Z","2025-11-14T13:30:53Z","2026-09-18T04:38:32.144167+00:00"
"UgzWQ577WfdVyTredvN4AaABAg","G_acqAJrRso","651c3121e89ccc5fcf1698779810b8f95d91d3e44a245523d9d75ffa11f99f63","Masalahnya ini adalah mobil cina, kita lihatlah beberapa tahun terakhir merek cina itu saling makan sesama mereka. Siapa yang bisa jamin 3 atau 4 tahun kedepan merek ini masih ada di negara kita atau kalaupun masih ada layanannya mungkin harganya dah jatuh banyak","0","2026-08-16T13:54:43Z","2026-08-16T13:54:43Z","2026-09-18T04:38:32.144167+00:00"
"UgxWdcDnJBdc0T0cVQh4AaABAg","G_acqAJrRso","3a06105c443b604bf53a5ab05e99d3d5ff8705cfda7ea36518d2d06c0f50e5cb","Range 460 km, tapi sangat dianjurkan jk listrik tinggal 30% harus buru buru disetrum agar baterei mobil awet.
Praktid range efektive adl 300 km","0","2026-06-28T05:20:07Z","2026-06-28T05:20:07Z","2026-09-18T04:38:32.144167+00:00"
"Ugy__7Qx3_H-TEqR97p4AaABAg","G_acqAJrRso","8ef158996a1edad39c6599307d6fceef2cc84d87aec81b1b5182b77b44fa3608","gila parah gak masuk akal fitur2nya dengan harga segitu, parah uyyy..","0","2025-11-15T17:59:18Z","2025-11-15T17:59:18Z","2026-09-18T04:38:32.144167+00:00"
"UgyQd_WMbSFBiSjsZqJ4AaABAg","G_acqAJrRso","62c4c10f793f3c8c0c10f78ac8a24c98be8e5a33d23321edef5fc1a876924391","edan deflasi china memang nyata. meski negara kaya berpenduduk 1,4 miliar jiwa banyak pengangguran tapi ancaman pemutusan kerja membuat kepanikan banting harga yang mengerikan daripada tidak bisa makan dan mati menjadi petilasan artefak terkubur oleh produknya sendiri. kalau pakde xijinping dan pemerintah gak turun tangan gak selesai-selesai nih ini deflasi china....tapi kenapa gak krisis makanan ya china selama diterpa deflasi. 1.4miliar bisa makan semua bahkan banyak yang gendut.. kalau sudan susah makan ya mungkin solusinya ya bener perang kombatan daripada mati sekalian refisi populasi alamiah manusia di bumi","1","2025-11-14T18:11:16Z","2025-11-14T18:11:16Z","2026-09-18T04:38:32.144167+00:00"
"UgwtWwpeLR-yIHa68cl4AaABAg","G_acqAJrRso","8bae4341015edc1c204393378e3195aa65869aadd292ea604a8acb9e2cf4f6d5","Merek aneh china bermunculan sangat banyak ,yg awalnya mungkin cuma Wuling","0","2025-11-15T22:57:14Z","2025-11-15T22:57:14Z","2026-09-18T04:38:32.144167+00:00"
"UgyqL3p1UN2yovKLu2R4AaABAg","G_acqAJrRso","ba0253ab4b7ce92dca924a56b7271b5089a5d0ea4e1caac365f63e8eeae5fbca","Harganya Gimmick.. wkwkwk...1000pembeli pertama, bohong banget...","0","2025-11-17T04:13:44Z","2025-11-17T04:13:44Z","2026-09-18T04:38:32.837223+00:00"
"UgwNuXtFiNWgMF_9A5Z4AaABAg","G_acqAJrRso","eef9f5c5106162d7e9903eae1dd43d6f3426ea365bf3d74a93233b8624ca0b2a","gila gila gk masuk akal ma harganya nih mobil... EDAANNN !!","0","2026-02-24T08:53:24Z","2026-02-24T08:53:24Z","2026-09-18T04:38:32.837223+00:00"
"UgwPpaavIHEABQ2YFGx4AaABAg","G_acqAJrRso","35bbf97e79bd343420101cb6bb857832e03621e9f9752868eafbf6a3723f35a1","jangan beli brio...","0","2025-11-16T06:31:19Z","2025-11-16T06:31:19Z","2026-09-18T04:38:32.837223+00:00"
"UgzrZN0Y31etC7-u56N4AaABAg","G_acqAJrRso","6d904285e330c150f6390017f137f271957cc4418f88ac88077e67db1824991f","Wah ACnya smua diatur dr layar. Klo eror bakalan anu","0","2026-02-07T14:25:03Z","2026-02-07T14:25:03Z","2026-09-18T04:38:32.837223+00:00"
"UgzQrPd8dPBiOFBknGp4AaABAg","G_acqAJrRso","c03fd18723040c6c753ed34a7f61df11d3c5542167970ec206c57e2c896237cb","Brio hahahahahahaha","0","2025-11-15T11:22:07Z","2025-11-15T11:22:07Z","2026-09-18T04:38:32.837223+00:00"
"Ugy4jvLsjNRy3i-uYWB4AaABAg","G_acqAJrRso","029d47ce6b8581ae3b960ff8c2ba0dbb177747b3668aaa8c817464c3f1e2ccb1","BUANYAAKK BHANGEET MERK MOBIL CHINA BERMUNCULAN.. MIRIP2 MOTOR CHINA DULU.. TAPI MOTOR CHINA AKHIRNYA MATI OLEH MERK JEPANG..","1","2025-11-16T11:24:31Z","2025-11-16T11:24:31Z","2026-09-18T04:38:32.837223+00:00"
"UgzmJE3vdbTTALXdE5x4AaABAg","G_acqAJrRso","0cb02d4beed0cc12bb52eb7c29c1dc956a43f7e776ae7cb1c537385f4c66abd3","Mobil jepun overprice parah 😂","0","2025-11-16T11:31:06Z","2025-11-16T11:31:06Z","2026-09-18T04:38:32.837223+00:00"
